Appliance Type,timestamp,Energy Consumption (kWh)
Air Conditioning,2023-01-01,108.27
Air Conditioning,2023-01-02,101.98
Air Conditioning,2023-01-03,75.01
Air Conditioning,2023-01-04,111.55
Air Conditioning,2023-01-05,144.95
Air Conditioning,2023-01-06,92.23
Air Conditioning,2023-01-07,114.46000000000001
Air Conditioning,2023-01-08,117.65
Air Conditioning,2023-01-09,108.39
Air Conditioning,2023-01-10,88.51
Air Conditioning,2023-01-11,107.32
Air Conditioning,2023-01-12,147.18
Air Conditioning,2023-01-13,99.33
Air Conditioning,2023-01-14,90.82000000000001
Air Conditioning,2023-01-15,93.85
Air Conditioning,2023-01-16,101.45
Air Conditioning,2023-01-17,76.14
Air Conditioning,2023-01-18,94.6
Air Conditioning,2023-01-19,82.05
Air Conditioning,2023-01-20,93.98
Air Conditioning,2023-01-21,120.69
Air Conditioning,2023-01-22,116.6
Air Conditioning,2023-01-23,120.35000000000001
Air Conditioning,2023-01-24,86.31
Air Conditioning,2023-01-25,69.13
Air Conditioning,2023-01-26,77.4
Air Conditioning,2023-01-27,76.11
Air Conditioning,2023-01-28,100.5
Air Conditioning,2023-01-29,67.95
Air Conditioning,2023-01-30,87.39
Air Conditioning,2023-01-31,67.32
Air Conditioning,2023-02-01,105.91
Air Conditioning,2023-02-02,103.15
Air Conditioning,2023-02-03,101.03999999999999
Air Conditioning,2023-02-04,72.15
Air Conditioning,2023-02-05,76.48
Air Conditioning,2023-02-06,127.37
Air Conditioning,2023-02-07,110.98
Air Conditioning,2023-02-08,76.59
Air Conditioning,2023-02-09,128.23
Air Conditioning,2023-02-10,110.93
Air Conditioning,2023-02-11,96.68
Air Conditioning,2023-02-12,77.85
Air Conditioning,2023-02-13,109.48
Air Conditioning,2023-02-14,114.18
Air Conditioning,2023-02-15,79.3
Air Conditioning,2023-02-16,117.1
Air Conditioning,2023-02-17,96.0
Air Conditioning,2023-02-18,62.85
Air Conditioning,2023-02-19,123.28
Air Conditioning,2023-02-20,100.28
Air Conditioning,2023-02-21,60.88
Air Conditioning,2023-02-22,107.2
Air Conditioning,2023-02-23,89.14
Air Conditioning,2023-02-24,114.19
Air Conditioning,2023-02-25,75.88
Air Conditioning,2023-02-26,89.95
Air Conditioning,2023-02-27,59.24
Air Conditioning,2023-02-28,90.3
Air Conditioning,2023-03-01,98.94
Air Conditioning,2023-03-02,75.7
Air Conditioning,2023-03-03,72.79
Air Conditioning,2023-03-04,61.54
Air Conditioning,2023-03-05,113.39
Air Conditioning,2023-03-06,106.3
Air Conditioning,2023-03-07,90.9
Air Conditioning,2023-03-08,55.43
Air Conditioning,2023-03-09,128.36
Air Conditioning,2023-03-10,87.86
Air Conditioning,2023-03-11,98.17999999999999
Air Conditioning,2023-03-12,129.63
Air Conditioning,2023-03-13,117.31
Air Conditioning,2023-03-14,62.64
Air Conditioning,2023-03-15,82.21000000000001
Air Conditioning,2023-03-16,94.53
Air Conditioning,2023-03-17,75.05
Air Conditioning,2023-03-18,125.77
Air Conditioning,2023-03-19,92.09
Air Conditioning,2023-03-20,91.86
Air Conditioning,2023-03-21,110.22
Air Conditioning,2023-03-22,99.24000000000001
Air Conditioning,2023-03-23,116.43
Air Conditioning,2023-03-24,78.96000000000001
Air Conditioning,2023-03-25,107.05
Air Conditioning,2023-03-26,126.26
Air Conditioning,2023-03-27,67.48
Air Conditioning,2023-03-28,137.17
Air Conditioning,2023-03-29,97.47
Air Conditioning,2023-03-30,120.75
Air Conditioning,2023-03-31,86.69
Air Conditioning,2023-04-01,110.87
Air Conditioning,2023-04-02,93.51
Air Conditioning,2023-04-03,95.05
Air Conditioning,2023-04-04,108.85
Air Conditioning,2023-04-05,96.16
Air Conditioning,2023-04-06,79.7
Air Conditioning,2023-04-07,121.24000000000001
Air Conditioning,2023-04-08,116.25
Air Conditioning,2023-04-09,104.76
Air Conditioning,2023-04-10,79.85
Air Conditioning,2023-04-11,65.23
Air Conditioning,2023-04-12,93.53
Air Conditioning,2023-04-13,136.53
Air Conditioning,2023-04-14,83.61
Air Conditioning,2023-04-15,108.2
Air Conditioning,2023-04-16,107.7
Air Conditioning,2023-04-17,110.02
Air Conditioning,2023-04-18,107.3
Air Conditioning,2023-04-19,142.65
Air Conditioning,2023-04-20,82.38
Air Conditioning,2023-04-21,84.3
Air Conditioning,2023-04-22,81.69
Air Conditioning,2023-04-23,99.66
Air Conditioning,2023-04-24,117.22
Air Conditioning,2023-04-25,104.98
Air Conditioning,2023-04-26,84.1
Air Conditioning,2023-04-27,94.33
Air Conditioning,2023-04-28,77.69
Air Conditioning,2023-04-29,117.56
Air Conditioning,2023-04-30,93.89
Air Conditioning,2023-05-01,89.97999999999999
Air Conditioning,2023-05-02,88.72
Air Conditioning,2023-05-03,122.97
Air Conditioning,2023-05-04,85.05
Air Conditioning,2023-05-05,58.160000000000004
Air Conditioning,2023-05-06,132.68
Air Conditioning,2023-05-07,79.8
Air Conditioning,2023-05-08,120.68
Air Conditioning,2023-05-09,113.97
Air Conditioning,2023-05-10,76.9
Air Conditioning,2023-05-11,82.73
Air Conditioning,2023-05-12,62.67
Air Conditioning,2023-05-13,129.54
Air Conditioning,2023-05-14,90.41
Air Conditioning,2023-05-15,109.5
Air Conditioning,2023-05-16,120.53
Air Conditioning,2023-05-17,82.81
Air Conditioning,2023-05-18,102.45
Air Conditioning,2023-05-19,134.02
Air Conditioning,2023-05-20,95.49
Air Conditioning,2023-05-21,101.57
Air Conditioning,2023-05-22,80.49
Air Conditioning,2023-05-23,90.12
Air Conditioning,2023-05-24,103.08
Air Conditioning,2023-05-25,61.54
Air Conditioning,2023-05-26,73.8
Air Conditioning,2023-05-27,115.02
Air Conditioning,2023-05-28,133.35
Air Conditioning,2023-05-29,103.43
Air Conditioning,2023-05-30,114.87
Air Conditioning,2023-05-31,78.08
Air Conditioning,2023-06-01,92.59
Air Conditioning,2023-06-02,71.6
Air Conditioning,2023-06-03,87.78999999999999
Air Conditioning,2023-06-04,123.87
Air Conditioning,2023-06-05,120.82
Air Conditioning,2023-06-06,103.96
Air Conditioning,2023-06-07,98.87
Air Conditioning,2023-06-08,86.74
Air Conditioning,2023-06-09,100.57
Air Conditioning,2023-06-10,71.17
Air Conditioning,2023-06-11,105.34
Air Conditioning,2023-06-12,86.97
Air Conditioning,2023-06-13,75.46
Air Conditioning,2023-06-14,100.32
Air Conditioning,2023-06-15,86.45
Air Conditioning,2023-06-16,93.13
Air Conditioning,2023-06-17,135.54
Air Conditioning,2023-06-18,75.2
Air Conditioning,2023-06-19,117.39
Air Conditioning,2023-06-20,86.53
Air Conditioning,2023-06-21,94.73
Air Conditioning,2023-06-22,89.12
Air Conditioning,2023-06-23,104.64
Air Conditioning,2023-06-24,118.32
Air Conditioning,2023-06-25,115.05
Air Conditioning,2023-06-26,123.65
Air Conditioning,2023-06-27,75.16
Air Conditioning,2023-06-28,88.52
Air Conditioning,2023-06-29,90.28
Air Conditioning,2023-06-30,99.72
Air Conditioning,2023-07-01,86.22
Air Conditioning,2023-07-02,83.81
Air Conditioning,2023-07-03,54.89
Air Conditioning,2023-07-04,110.89
Air Conditioning,2023-07-05,91.55
Air Conditioning,2023-07-06,115.41
Air Conditioning,2023-07-07,60.83
Air Conditioning,2023-07-08,105.56
Air Conditioning,2023-07-09,75.49
Air Conditioning,2023-07-10,100.3
Air Conditioning,2023-07-11,87.96
Air Conditioning,2023-07-12,120.31
Air Conditioning,2023-07-13,90.57
Air Conditioning,2023-07-14,141.26
Air Conditioning,2023-07-15,105.19
Air Conditioning,2023-07-16,95.15
Air Conditioning,2023-07-17,94.7
Air Conditioning,2023-07-18,122.66
Air Conditioning,2023-07-19,82.16
Air Conditioning,2023-07-20,85.39
Air Conditioning,2023-07-21,57.21
Air Conditioning,2023-07-22,118.3
Air Conditioning,2023-07-23,105.52
Air Conditioning,2023-07-24,62.41
Air Conditioning,2023-07-25,99.06
Air Conditioning,2023-07-26,100.91
Air Conditioning,2023-07-27,115.74
Air Conditioning,2023-07-28,114.41
Air Conditioning,2023-07-29,84.67999999999999
Air Conditioning,2023-07-30,93.23
Air Conditioning,2023-07-31,117.64
Air Conditioning,2023-08-01,115.75
Air Conditioning,2023-08-02,68.21
Air Conditioning,2023-08-03,128.9
Air Conditioning,2023-08-04,99.59
Air Conditioning,2023-08-05,109.98
Air Conditioning,2023-08-06,112.44
Air Conditioning,2023-08-07,97.53
Air Conditioning,2023-08-08,99.66
Air Conditioning,2023-08-09,78.92
Air Conditioning,2023-08-10,96.27000000000001
Air Conditioning,2023-08-11,112.32
Air Conditioning,2023-08-12,76.51
Air Conditioning,2023-08-13,99.32000000000001
Air Conditioning,2023-08-14,124.37
Air Conditioning,2023-08-15,92.94
Air Conditioning,2023-08-16,95.0
Air Conditioning,2023-08-17,122.11
Air Conditioning,2023-08-18,78.91
Air Conditioning,2023-08-19,79.07
Air Conditioning,2023-08-20,100.4
Air Conditioning,2023-08-21,104.5
Air Conditioning,2023-08-22,81.09
Air Conditioning,2023-08-23,89.28
Air Conditioning,2023-08-24,66.45
Air Conditioning,2023-08-25,72.3
Air Conditioning,2023-08-26,77.58
Air Conditioning,2023-08-27,76.75
Air Conditioning,2023-08-28,73.41
Air Conditioning,2023-08-29,93.35
Air Conditioning,2023-08-30,121.76
Air Conditioning,2023-08-31,83.49
Air Conditioning,2023-09-01,80.13
Air Conditioning,2023-09-02,101.6
Air Conditioning,2023-09-03,103.24
Air Conditioning,2023-09-04,70.08
Air Conditioning,2023-09-05,99.74
Air Conditioning,2023-09-06,88.33
Air Conditioning,2023-09-07,68.48
Air Conditioning,2023-09-08,105.26
Air Conditioning,2023-09-09,98.09
Air Conditioning,2023-09-10,105.57
Air Conditioning,2023-09-11,75.55
Air Conditioning,2023-09-12,118.12
Air Conditioning,2023-09-13,95.77
Air Conditioning,2023-09-14,104.59
Air Conditioning,2023-09-15,95.54
Air Conditioning,2023-09-16,103.9
Air Conditioning,2023-09-17,93.03
Air Conditioning,2023-09-18,59.79
Air Conditioning,2023-09-19,99.27
Air Conditioning,2023-09-20,69.88
Air Conditioning,2023-09-21,85.98
Air Conditioning,2023-09-22,86.86
Air Conditioning,2023-09-23,116.17
Air Conditioning,2023-09-24,95.38
Air Conditioning,2023-09-25,87.82
Air Conditioning,2023-09-26,50.49
Air Conditioning,2023-09-27,100.71000000000001
Air Conditioning,2023-09-28,98.5
Air Conditioning,2023-09-29,81.75
Air Conditioning,2023-09-30,75.03
Air Conditioning,2023-10-01,93.68
Air Conditioning,2023-10-02,84.47
Air Conditioning,2023-10-03,120.63
Air Conditioning,2023-10-04,89.76
Air Conditioning,2023-10-05,135.09
Air Conditioning,2023-10-06,95.75
Air Conditioning,2023-10-07,75.73
Air Conditioning,2023-10-08,112.46
Air Conditioning,2023-10-09,106.71
Air Conditioning,2023-10-10,100.21
Air Conditioning,2023-10-11,108.75999999999999
Air Conditioning,2023-10-12,90.04
Air Conditioning,2023-10-13,74.0
Air Conditioning,2023-10-14,79.9
Air Conditioning,2023-10-15,118.05
Air Conditioning,2023-10-16,101.25999999999999
Air Conditioning,2023-10-17,126.37
Air Conditioning,2023-10-18,106.63
Air Conditioning,2023-10-19,81.88
Air Conditioning,2023-10-20,116.31
Air Conditioning,2023-10-21,117.53999999999999
Air Conditioning,2023-10-22,95.94
Air Conditioning,2023-10-23,120.76
Air Conditioning,2023-10-24,125.87
Air Conditioning,2023-10-25,98.03
Air Conditioning,2023-10-26,124.9
Air Conditioning,2023-10-27,83.33
Air Conditioning,2023-10-28,99.38
Air Conditioning,2023-10-29,93.86
Air Conditioning,2023-10-30,58.16
Air Conditioning,2023-10-31,62.120000000000005
Air Conditioning,2023-11-01,95.02
Air Conditioning,2023-11-02,123.78
Air Conditioning,2023-11-03,79.66
Air Conditioning,2023-11-04,99.88
Air Conditioning,2023-11-05,93.58
Air Conditioning,2023-11-06,68.89
Air Conditioning,2023-11-07,106.16
Air Conditioning,2023-11-08,102.59
Air Conditioning,2023-11-09,77.63
Air Conditioning,2023-11-10,99.52
Air Conditioning,2023-11-11,53.6
Air Conditioning,2023-11-12,66.97
Air Conditioning,2023-11-13,119.86
Air Conditioning,2023-11-14,107.74
Air Conditioning,2023-11-15,76.72
Air Conditioning,2023-11-16,114.42
Air Conditioning,2023-11-17,79.98
Air Conditioning,2023-11-18,130.05
Air Conditioning,2023-11-19,115.28
Air Conditioning,2023-11-20,134.59
Air Conditioning,2023-11-21,64.78
Air Conditioning,2023-11-22,120.96
Air Conditioning,2023-11-23,80.71000000000001
Air Conditioning,2023-11-24,96.57
Air Conditioning,2023-11-25,124.73
Air Conditioning,2023-11-26,70.67
Air Conditioning,2023-11-27,86.17
Air Conditioning,2023-11-28,93.53
Air Conditioning,2023-11-29,65.64
Air Conditioning,2023-11-30,103.11
Air Conditioning,2023-12-01,102.21000000000001
Air Conditioning,2023-12-02,84.03999999999999
Air Conditioning,2023-12-03,105.6
Air Conditioning,2023-12-04,70.47
Air Conditioning,2023-12-05,99.31
Air Conditioning,2023-12-06,120.23
Air Conditioning,2023-12-07,140.0
Air Conditioning,2023-12-08,69.18
Air Conditioning,2023-12-09,68.87
Air Conditioning,2023-12-10,83.36
Air Conditioning,2023-12-11,50.4
Air Conditioning,2023-12-12,115.62
Air Conditioning,2023-12-13,75.75
Air Conditioning,2023-12-14,106.36
Air Conditioning,2023-12-15,102.53
Air Conditioning,2023-12-16,79.43
Air Conditioning,2023-12-17,107.11
Air Conditioning,2023-12-18,130.31
Air Conditioning,2023-12-19,111.47
Air Conditioning,2023-12-20,82.31
Air Conditioning,2023-12-21,103.03
Air Conditioning,2023-12-22,78.22
Air Conditioning,2023-12-23,71.14
Air Conditioning,2023-12-24,90.48
Air Conditioning,2023-12-25,95.49
Air Conditioning,2023-12-26,127.67
Air Conditioning,2023-12-27,55.510000000000005
Air Conditioning,2023-12-28,106.44
Air Conditioning,2023-12-29,80.14
Air Conditioning,2023-12-30,78.6
Air Conditioning,2023-12-31,91.32000000000001
Air Conditioning,2024-01-01,100.87
Computer,2023-01-01,26.580000000000002
Computer,2023-01-02,25.02
Computer,2023-01-03,25.87
Computer,2023-01-04,32.81
Computer,2023-01-05,23.52
Computer,2023-01-06,30.09
Computer,2023-01-07,31.27
Computer,2023-01-08,27.49
Computer,2023-01-09,19.669999999999998
Computer,2023-01-10,29.69
Computer,2023-01-11,29.43
Computer,2023-01-12,25.09
Computer,2023-01-13,39.64
Computer,2023-01-14,31.79
Computer,2023-01-15,31.98
Computer,2023-01-16,38.42
Computer,2023-01-17,23.37
Computer,2023-01-18,25.59
Computer,2023-01-19,24.13
Computer,2023-01-20,35.089999999999996
Computer,2023-01-21,26.28
Computer,2023-01-22,42.46
Computer,2023-01-23,31.95
Computer,2023-01-24,34.69
Computer,2023-01-25,26.68
Computer,2023-01-26,24.91
Computer,2023-01-27,21.9
Computer,2023-01-28,22.69
Computer,2023-01-29,30.2
Computer,2023-01-30,27.96
Computer,2023-01-31,36.21
Computer,2023-02-01,19.73
Computer,2023-02-02,41.84
Computer,2023-02-03,33.82
Computer,2023-02-04,37.14
Computer,2023-02-05,29.3
Computer,2023-02-06,37.55
Computer,2023-02-07,24.94
Computer,2023-02-08,38.910000000000004
Computer,2023-02-09,34.43
Computer,2023-02-10,29.21
Computer,2023-02-11,20.38
Computer,2023-02-12,33.66
Computer,2023-02-13,33.7
Computer,2023-02-14,18.78
Computer,2023-02-15,22.63
Computer,2023-02-16,25.44
Computer,2023-02-17,20.9
Computer,2023-02-18,29.34
Computer,2023-02-19,29.41
Computer,2023-02-20,32.7
Computer,2023-02-21,35.16
Computer,2023-02-22,32.33
Computer,2023-02-23,25.08
Computer,2023-02-24,29.93
Computer,2023-02-25,33.91
Computer,2023-02-26,17.06
Computer,2023-02-27,27.68
Computer,2023-02-28,23.57
Computer,2023-03-01,36.0
Computer,2023-03-02,29.89
Computer,2023-03-03,31.23
Computer,2023-03-04,23.91
Computer,2023-03-05,25.03
Computer,2023-03-06,34.59
Computer,2023-03-07,23.990000000000002
Computer,2023-03-08,25.35
Computer,2023-03-09,19.37
Computer,2023-03-10,24.18
Computer,2023-03-11,24.96
Computer,2023-03-12,36.07
Computer,2023-03-13,35.53
Computer,2023-03-14,22.66
Computer,2023-03-15,36.88
Computer,2023-03-16,45.33
Computer,2023-03-17,16.32
Computer,2023-03-18,33.28
Computer,2023-03-19,26.69
Computer,2023-03-20,30.5
Computer,2023-03-21,27.48
Computer,2023-03-22,26.81
Computer,2023-03-23,32.49
Computer,2023-03-24,27.36
Computer,2023-03-25,30.38
Computer,2023-03-26,27.71
Computer,2023-03-27,31.4
Computer,2023-03-28,29.64
Computer,2023-03-29,32.48
Computer,2023-03-30,22.03
Computer,2023-03-31,32.13
Computer,2023-04-01,31.43
Computer,2023-04-02,35.77
Computer,2023-04-03,33.17
Computer,2023-04-04,39.47
Computer,2023-04-05,26.73
Computer,2023-04-06,24.04
Computer,2023-04-07,31.14
Computer,2023-04-08,25.509999999999998
Computer,2023-04-09,39.43
Computer,2023-04-10,29.330000000000002
Computer,2023-04-11,29.55
Computer,2023-04-12,36.85
Computer,2023-04-13,31.14
Computer,2023-04-14,35.99
Computer,2023-04-15,35.2
Computer,2023-04-16,33.63
Computer,2023-04-17,28.1
Computer,2023-04-18,37.57
Computer,2023-04-19,25.22
Computer,2023-04-20,28.63
Computer,2023-04-21,29.169999999999998
Computer,2023-04-22,37.47
Computer,2023-04-23,38.35
Computer,2023-04-24,26.84
Computer,2023-04-25,33.29
Computer,2023-04-26,28.94
Computer,2023-04-27,27.61
Computer,2023-04-28,24.23
Computer,2023-04-29,41.02
Computer,2023-04-30,38.03
Computer,2023-05-01,36.019999999999996
Computer,2023-05-02,35.94
Computer,2023-05-03,34.22
Computer,2023-05-04,27.32
Computer,2023-05-05,25.04
Computer,2023-05-06,23.48
Computer,2023-05-07,27.13
Computer,2023-05-08,24.62
Computer,2023-05-09,34.96
Computer,2023-05-10,35.96
Computer,2023-05-11,29.39
Computer,2023-05-12,25.02
Computer,2023-05-13,24.53
Computer,2023-05-14,24.5
Computer,2023-05-15,34.45
Computer,2023-05-16,37.54
Computer,2023-05-17,36.04
Computer,2023-05-18,29.64
Computer,2023-05-19,22.23
Computer,2023-05-20,38.35
Computer,2023-05-21,26.45
Computer,2023-05-22,17.66
Computer,2023-05-23,37.61
Computer,2023-05-24,26.98
Computer,2023-05-25,27.15
Computer,2023-05-26,34.29
Computer,2023-05-27,28.68
Computer,2023-05-28,37.86
Computer,2023-05-29,27.0
Computer,2023-05-30,24.41
Computer,2023-05-31,24.650000000000002
Computer,2023-06-01,26.63
Computer,2023-06-02,17.88
Computer,2023-06-03,25.8
Computer,2023-06-04,24.47
Computer,2023-06-05,26.66
Computer,2023-06-06,32.51
Computer,2023-06-07,33.44
Computer,2023-06-08,28.79
Computer,2023-06-09,37.839999999999996
Computer,2023-06-10,29.849999999999998
Computer,2023-06-11,38.59
Computer,2023-06-12,37.63
Computer,2023-06-13,35.34
Computer,2023-06-14,36.62
Computer,2023-06-15,29.98
Computer,2023-06-16,29.47
Computer,2023-06-17,37.03
Computer,2023-06-18,23.63
Computer,2023-06-19,22.1
Computer,2023-06-20,36.07
Computer,2023-06-21,31.15
Computer,2023-06-22,33.78
Computer,2023-06-23,28.71
Computer,2023-06-24,37.55
Computer,2023-06-25,25.89
Computer,2023-06-26,34.63
Computer,2023-06-27,19.94
Computer,2023-06-28,36.27
Computer,2023-06-29,29.64
Computer,2023-06-30,27.07
Computer,2023-07-01,21.79
Computer,2023-07-02,33.91
Computer,2023-07-03,33.910000000000004
Computer,2023-07-04,36.81
Computer,2023-07-05,29.34
Computer,2023-07-06,29.74
Computer,2023-07-07,28.75
Computer,2023-07-08,28.73
Computer,2023-07-09,20.009999999999998
Computer,2023-07-10,32.86
Computer,2023-07-11,19.91
Computer,2023-07-12,30.41
Computer,2023-07-13,22.7
Computer,2023-07-14,22.99
Computer,2023-07-15,41.99
Computer,2023-07-16,29.14
Computer,2023-07-17,29.009999999999998
Computer,2023-07-18,33.54
Computer,2023-07-19,26.45
Computer,2023-07-20,28.96
Computer,2023-07-21,21.36
Computer,2023-07-22,26.95
Computer,2023-07-23,19.8
Computer,2023-07-24,26.47
Computer,2023-07-25,32.43
Computer,2023-07-26,32.02
Computer,2023-07-27,29.18
Computer,2023-07-28,26.16
Computer,2023-07-29,27.84
Computer,2023-07-30,31.1
Computer,2023-07-31,22.82
Computer,2023-08-01,26.0
Computer,2023-08-02,24.57
Computer,2023-08-03,41.26
Computer,2023-08-04,28.89
Computer,2023-08-05,20.62
Computer,2023-08-06,28.84
Computer,2023-08-07,31.25
Computer,2023-08-08,27.2
Computer,2023-08-09,27.96
Computer,2023-08-10,32.47
Computer,2023-08-11,34.77
Computer,2023-08-12,33.08
Computer,2023-08-13,17.95
Computer,2023-08-14,31.169999999999998
Computer,2023-08-15,39.29
Computer,2023-08-16,28.52
Computer,2023-08-17,23.55
Computer,2023-08-18,27.599999999999998
Computer,2023-08-19,20.38
Computer,2023-08-20,41.62
Computer,2023-08-21,30.93
Computer,2023-08-22,39.73
Computer,2023-08-23,11.34
Computer,2023-08-24,34.99
Computer,2023-08-25,31.31
Computer,2023-08-26,27.03
Computer,2023-08-27,27.240000000000002
Computer,2023-08-28,26.93
Computer,2023-08-29,37.44
Computer,2023-08-30,28.14
Computer,2023-08-31,40.07
Computer,2023-09-01,29.62
Computer,2023-09-02,27.54
Computer,2023-09-03,26.8
Computer,2023-09-04,39.79
Computer,2023-09-05,30.63
Computer,2023-09-06,32.61
Computer,2023-09-07,31.57
Computer,2023-09-08,35.05
Computer,2023-09-09,23.75
Computer,2023-09-10,28.28
Computer,2023-09-11,33.41
Computer,2023-09-12,20.41
Computer,2023-09-13,23.29
Computer,2023-09-14,27.42
Computer,2023-09-15,26.29
Computer,2023-09-16,31.18
Computer,2023-09-17,33.79
Computer,2023-09-18,17.560000000000002
Computer,2023-09-19,27.830000000000002
Computer,2023-09-20,28.59
Computer,2023-09-21,13.01
Computer,2023-09-22,34.16
Computer,2023-09-23,30.87
Computer,2023-09-24,21.88
Computer,2023-09-25,33.1
Computer,2023-09-26,23.51
Computer,2023-09-27,35.44
Computer,2023-09-28,32.51
Computer,2023-09-29,25.82
Computer,2023-09-30,30.810000000000002
Computer,2023-10-01,33.53
Computer,2023-10-02,31.87
Computer,2023-10-03,38.92
Computer,2023-10-04,29.39
Computer,2023-10-05,13.94
Computer,2023-10-06,37.07
Computer,2023-10-07,32.44
Computer,2023-10-08,33.3
Computer,2023-10-09,39.13
Computer,2023-10-10,32.41
Computer,2023-10-11,26.97
Computer,2023-10-12,29.98
Computer,2023-10-13,34.37
Computer,2023-10-14,38.37
Computer,2023-10-15,22.12
Computer,2023-10-16,38.77
Computer,2023-10-17,22.2
Computer,2023-10-18,31.14
Computer,2023-10-19,37.24
Computer,2023-10-20,37.65
Computer,2023-10-21,28.23
Computer,2023-10-22,32.26
Computer,2023-10-23,35.54
Computer,2023-10-24,37.1
Computer,2023-10-25,39.51
Computer,2023-10-26,36.94
Computer,2023-10-27,35.36
Computer,2023-10-28,24.02
Computer,2023-10-29,27.53
Computer,2023-10-30,32.66
Computer,2023-10-31,28.35
Computer,2023-11-01,38.5
Computer,2023-11-02,23.85
Computer,2023-11-03,28.56
Computer,2023-11-04,28.35
Computer,2023-11-05,25.41
Computer,2023-11-06,28.82
Computer,2023-11-07,29.39
Computer,2023-11-08,28.64
Computer,2023-11-09,27.53
Computer,2023-11-10,31.25
Computer,2023-11-11,27.99
Computer,2023-11-12,27.14
Computer,2023-11-13,23.28
Computer,2023-11-14,27.189999999999998
Computer,2023-11-15,36.95
Computer,2023-11-16,32.7
Computer,2023-11-17,25.47
Computer,2023-11-18,26.53
Computer,2023-11-19,33.62
Computer,2023-11-20,17.6
Computer,2023-11-21,21.22
Computer,2023-11-22,40.52
Computer,2023-11-23,38.98
Computer,2023-11-24,23.0
Computer,2023-11-25,30.4
Computer,2023-11-26,18.38
Computer,2023-11-27,27.76
Computer,2023-11-28,47.11
Computer,2023-11-29,30.57
Computer,2023-11-30,34.45
Computer,2023-12-01,19.65
Computer,2023-12-02,28.9
Computer,2023-12-03,33.48
Computer,2023-12-04,22.34
Computer,2023-12-05,24.36
Computer,2023-12-06,20.990000000000002
Computer,2023-12-07,25.3
Computer,2023-12-08,20.84
Computer,2023-12-09,32.31
Computer,2023-12-10,32.72
Computer,2023-12-11,22.2
Computer,2023-12-12,37.89
Computer,2023-12-13,21.88
Computer,2023-12-14,25.94
Computer,2023-12-15,34.49
Computer,2023-12-16,37.19
Computer,2023-12-17,27.29
Computer,2023-12-18,23.88
Computer,2023-12-19,31.28
Computer,2023-12-20,23.91
Computer,2023-12-21,29.97
Computer,2023-12-22,34.42
Computer,2023-12-23,33.32
Computer,2023-12-24,35.69
Computer,2023-12-25,33.22
Computer,2023-12-26,36.77
Computer,2023-12-27,28.07
Computer,2023-12-28,26.73
Computer,2023-12-29,28.7
Computer,2023-12-30,30.48
Computer,2023-12-31,30.82
Computer,2024-01-01,43.79
Dishwasher,2023-01-01,27.38
Dishwasher,2023-01-02,32.44
Dishwasher,2023-01-03,35.88
Dishwasher,2023-01-04,39.42
Dishwasher,2023-01-05,27.55
Dishwasher,2023-01-06,22.31
Dishwasher,2023-01-07,18.22
Dishwasher,2023-01-08,35.25
Dishwasher,2023-01-09,27.05
Dishwasher,2023-01-10,44.519999999999996
Dishwasher,2023-01-11,43.18
Dishwasher,2023-01-12,30.04
Dishwasher,2023-01-13,24.41
Dishwasher,2023-01-14,29.68
Dishwasher,2023-01-15,39.24
Dishwasher,2023-01-16,28.28
Dishwasher,2023-01-17,32.35
Dishwasher,2023-01-18,32.66
Dishwasher,2023-01-19,31.78
Dishwasher,2023-01-20,32.58
Dishwasher,2023-01-21,31.42
Dishwasher,2023-01-22,22.84
Dishwasher,2023-01-23,31.13
Dishwasher,2023-01-24,34.1
Dishwasher,2023-01-25,28.37
Dishwasher,2023-01-26,25.05
Dishwasher,2023-01-27,29.79
Dishwasher,2023-01-28,23.55
Dishwasher,2023-01-29,40.45
Dishwasher,2023-01-30,28.0
Dishwasher,2023-01-31,22.92
Dishwasher,2023-02-01,30.29
Dishwasher,2023-02-02,32.21
Dishwasher,2023-02-03,30.72
Dishwasher,2023-02-04,34.56
Dishwasher,2023-02-05,24.03
Dishwasher,2023-02-06,32.12
Dishwasher,2023-02-07,30.65
Dishwasher,2023-02-08,35.74
Dishwasher,2023-02-09,40.82
Dishwasher,2023-02-10,33.59
Dishwasher,2023-02-11,29.65
Dishwasher,2023-02-12,23.52
Dishwasher,2023-02-13,22.03
Dishwasher,2023-02-14,29.33
Dishwasher,2023-02-15,25.7
Dishwasher,2023-02-16,24.87
Dishwasher,2023-02-17,21.95
Dishwasher,2023-02-18,28.82
Dishwasher,2023-02-19,42.01
Dishwasher,2023-02-20,33.57
Dishwasher,2023-02-21,46.26
Dishwasher,2023-02-22,24.49
Dishwasher,2023-02-23,20.93
Dishwasher,2023-02-24,27.82
Dishwasher,2023-02-25,25.53
Dishwasher,2023-02-26,36.73
Dishwasher,2023-02-27,23.79
Dishwasher,2023-02-28,31.88
Dishwasher,2023-03-01,35.85
Dishwasher,2023-03-02,22.759999999999998
Dishwasher,2023-03-03,25.22
Dishwasher,2023-03-04,32.67
Dishwasher,2023-03-05,29.94
Dishwasher,2023-03-06,38.52
Dishwasher,2023-03-07,23.53
Dishwasher,2023-03-08,49.99
Dishwasher,2023-03-09,26.080000000000002
Dishwasher,2023-03-10,25.19
Dishwasher,2023-03-11,30.95
Dishwasher,2023-03-12,40.839999999999996
Dishwasher,2023-03-13,36.269999999999996
Dishwasher,2023-03-14,27.68
Dishwasher,2023-03-15,38.59
Dishwasher,2023-03-16,26.1
Dishwasher,2023-03-17,35.25
Dishwasher,2023-03-18,25.16
Dishwasher,2023-03-19,32.77
Dishwasher,2023-03-20,27.96
Dishwasher,2023-03-21,28.82
Dishwasher,2023-03-22,23.54
Dishwasher,2023-03-23,35.89
Dishwasher,2023-03-24,38.04
Dishwasher,2023-03-25,13.77
Dishwasher,2023-03-26,31.98
Dishwasher,2023-03-27,29.21
Dishwasher,2023-03-28,22.9
Dishwasher,2023-03-29,27.38
Dishwasher,2023-03-30,20.42
Dishwasher,2023-03-31,22.93
Dishwasher,2023-04-01,32.85
Dishwasher,2023-04-02,28.41
Dishwasher,2023-04-03,35.22
Dishwasher,2023-04-04,24.71
Dishwasher,2023-04-05,28.5
Dishwasher,2023-04-06,27.89
Dishwasher,2023-04-07,28.88
Dishwasher,2023-04-08,26.8
Dishwasher,2023-04-09,19.61
Dishwasher,2023-04-10,29.01
Dishwasher,2023-04-11,29.45
Dishwasher,2023-04-12,37.95
Dishwasher,2023-04-13,24.8
Dishwasher,2023-04-14,26.65
Dishwasher,2023-04-15,33.660000000000004
Dishwasher,2023-04-16,19.57
Dishwasher,2023-04-17,32.39
Dishwasher,2023-04-18,30.79
Dishwasher,2023-04-19,31.74
Dishwasher,2023-04-20,42.41
Dishwasher,2023-04-21,30.61
Dishwasher,2023-04-22,18.36
Dishwasher,2023-04-23,41.73
Dishwasher,2023-04-24,34.79
Dishwasher,2023-04-25,30.169999999999998
Dishwasher,2023-04-26,30.25
Dishwasher,2023-04-27,34.09
Dishwasher,2023-04-28,36.27
Dishwasher,2023-04-29,25.71
Dishwasher,2023-04-30,37.37
Dishwasher,2023-05-01,20.89
Dishwasher,2023-05-02,27.17
Dishwasher,2023-05-03,27.22
Dishwasher,2023-05-04,32.62
Dishwasher,2023-05-05,22.4
Dishwasher,2023-05-06,34.7
Dishwasher,2023-05-07,27.92
Dishwasher,2023-05-08,33.24
Dishwasher,2023-05-09,26.0
Dishwasher,2023-05-10,36.87
Dishwasher,2023-05-11,29.939999999999998
Dishwasher,2023-05-12,27.14
Dishwasher,2023-05-13,28.31
Dishwasher,2023-05-14,27.25
Dishwasher,2023-05-15,28.45
Dishwasher,2023-05-16,39.86
Dishwasher,2023-05-17,38.35
Dishwasher,2023-05-18,31.35
Dishwasher,2023-05-19,26.62
Dishwasher,2023-05-20,33.87
Dishwasher,2023-05-21,35.36
Dishwasher,2023-05-22,25.13
Dishwasher,2023-05-23,45.38
Dishwasher,2023-05-24,18.81
Dishwasher,2023-05-25,31.56
Dishwasher,2023-05-26,31.13
Dishwasher,2023-05-27,34.93
Dishwasher,2023-05-28,24.259999999999998
Dishwasher,2023-05-29,33.35
Dishwasher,2023-05-30,25.169999999999998
Dishwasher,2023-05-31,31.22
Dishwasher,2023-06-01,28.88
Dishwasher,2023-06-02,16.96
Dishwasher,2023-06-03,41.21
Dishwasher,2023-06-04,33.45
Dishwasher,2023-06-05,38.93
Dishwasher,2023-06-06,24.71
Dishwasher,2023-06-07,23.5
Dishwasher,2023-06-08,28.8
Dishwasher,2023-06-09,21.75
Dishwasher,2023-06-10,25.86
Dishwasher,2023-06-11,27.54
Dishwasher,2023-06-12,25.61
Dishwasher,2023-06-13,30.1
Dishwasher,2023-06-14,27.26
Dishwasher,2023-06-15,42.75
Dishwasher,2023-06-16,33.89
Dishwasher,2023-06-17,27.44
Dishwasher,2023-06-18,29.06
Dishwasher,2023-06-19,35.92
Dishwasher,2023-06-20,37.11
Dishwasher,2023-06-21,19.12
Dishwasher,2023-06-22,37.42
Dishwasher,2023-06-23,26.88
Dishwasher,2023-06-24,28.56
Dishwasher,2023-06-25,36.21
Dishwasher,2023-06-26,23.85
Dishwasher,2023-06-27,23.12
Dishwasher,2023-06-28,28.46
Dishwasher,2023-06-29,31.29
Dishwasher,2023-06-30,41.49
Dishwasher,2023-07-01,27.59
Dishwasher,2023-07-02,23.11
Dishwasher,2023-07-03,25.55
Dishwasher,2023-07-04,31.71
Dishwasher,2023-07-05,27.1
Dishwasher,2023-07-06,31.79
Dishwasher,2023-07-07,26.400000000000002
Dishwasher,2023-07-08,30.48
Dishwasher,2023-07-09,36.84
Dishwasher,2023-07-10,43.64
Dishwasher,2023-07-11,29.21
Dishwasher,2023-07-12,28.31
Dishwasher,2023-07-13,19.81
Dishwasher,2023-07-14,23.84
Dishwasher,2023-07-15,31.41
Dishwasher,2023-07-16,17.63
Dishwasher,2023-07-17,27.32
Dishwasher,2023-07-18,35.0
Dishwasher,2023-07-19,35.67
Dishwasher,2023-07-20,15.74
Dishwasher,2023-07-21,38.4
Dishwasher,2023-07-22,34.73
Dishwasher,2023-07-23,31.26
Dishwasher,2023-07-24,18.46
Dishwasher,2023-07-25,30.490000000000002
Dishwasher,2023-07-26,26.43
Dishwasher,2023-07-27,27.52
Dishwasher,2023-07-28,26.76
Dishwasher,2023-07-29,23.19
Dishwasher,2023-07-30,28.9
Dishwasher,2023-07-31,45.04
Dishwasher,2023-08-01,32.79
Dishwasher,2023-08-02,21.85
Dishwasher,2023-08-03,38.22
Dishwasher,2023-08-04,26.09
Dishwasher,2023-08-05,28.1
Dishwasher,2023-08-06,28.78
Dishwasher,2023-08-07,31.53
Dishwasher,2023-08-08,30.05
Dishwasher,2023-08-09,29.73
Dishwasher,2023-08-10,23.94
Dishwasher,2023-08-11,28.32
Dishwasher,2023-08-12,34.41
Dishwasher,2023-08-13,32.019999999999996
Dishwasher,2023-08-14,34.589999999999996
Dishwasher,2023-08-15,25.57
Dishwasher,2023-08-16,32.66
Dishwasher,2023-08-17,26.46
Dishwasher,2023-08-18,31.55
Dishwasher,2023-08-19,20.02
Dishwasher,2023-08-20,27.369999999999997
Dishwasher,2023-08-21,21.82
Dishwasher,2023-08-22,27.26
Dishwasher,2023-08-23,38.54
Dishwasher,2023-08-24,36.69
Dishwasher,2023-08-25,28.8
Dishwasher,2023-08-26,41.8
Dishwasher,2023-08-27,29.54
Dishwasher,2023-08-28,33.84
Dishwasher,2023-08-29,33.7
Dishwasher,2023-08-30,40.17
Dishwasher,2023-08-31,34.94
Dishwasher,2023-09-01,38.31
Dishwasher,2023-09-02,22.32
Dishwasher,2023-09-03,25.06
Dishwasher,2023-09-04,34.41
Dishwasher,2023-09-05,22.6
Dishwasher,2023-09-06,33.12
Dishwasher,2023-09-07,27.56
Dishwasher,2023-09-08,31.12
Dishwasher,2023-09-09,17.6
Dishwasher,2023-09-10,36.27
Dishwasher,2023-09-11,29.05
Dishwasher,2023-09-12,42.3
Dishwasher,2023-09-13,30.15
Dishwasher,2023-09-14,30.96
Dishwasher,2023-09-15,31.21
Dishwasher,2023-09-16,30.25
Dishwasher,2023-09-17,28.69
Dishwasher,2023-09-18,26.18
Dishwasher,2023-09-19,38.73
Dishwasher,2023-09-20,27.56
Dishwasher,2023-09-21,33.339999999999996
Dishwasher,2023-09-22,32.76
Dishwasher,2023-09-23,37.61
Dishwasher,2023-09-24,29.25
Dishwasher,2023-09-25,35.269999999999996
Dishwasher,2023-09-26,42.58
Dishwasher,2023-09-27,24.87
Dishwasher,2023-09-28,41.33
Dishwasher,2023-09-29,46.8
Dishwasher,2023-09-30,35.81
Dishwasher,2023-10-01,34.33
Dishwasher,2023-10-02,47.4
Dishwasher,2023-10-03,29.51
Dishwasher,2023-10-04,39.01
Dishwasher,2023-10-05,30.8
Dishwasher,2023-10-06,34.58
Dishwasher,2023-10-07,26.07
Dishwasher,2023-10-08,29.29
Dishwasher,2023-10-09,25.09
Dishwasher,2023-10-10,29.59
Dishwasher,2023-10-11,35.27
Dishwasher,2023-10-12,35.28
Dishwasher,2023-10-13,37.03
Dishwasher,2023-10-14,29.76
Dishwasher,2023-10-15,32.02
Dishwasher,2023-10-16,40.82
Dishwasher,2023-10-17,36.16
Dishwasher,2023-10-18,23.87
Dishwasher,2023-10-19,39.56
Dishwasher,2023-10-20,27.27
Dishwasher,2023-10-21,30.74
Dishwasher,2023-10-22,28.41
Dishwasher,2023-10-23,39.25
Dishwasher,2023-10-24,29.36
Dishwasher,2023-10-25,41.03
Dishwasher,2023-10-26,30.12
Dishwasher,2023-10-27,21.8
Dishwasher,2023-10-28,33.05
Dishwasher,2023-10-29,31.73
Dishwasher,2023-10-30,25.07
Dishwasher,2023-10-31,24.14
Dishwasher,2023-11-01,23.56
Dishwasher,2023-11-02,33.92
Dishwasher,2023-11-03,27.48
Dishwasher,2023-11-04,42.99
Dishwasher,2023-11-05,20.58
Dishwasher,2023-11-06,34.22
Dishwasher,2023-11-07,20.34
Dishwasher,2023-11-08,25.8
Dishwasher,2023-11-09,27.48
Dishwasher,2023-11-10,24.5
Dishwasher,2023-11-11,29.64
Dishwasher,2023-11-12,29.76
Dishwasher,2023-11-13,26.1
Dishwasher,2023-11-14,27.8
Dishwasher,2023-11-15,31.95
Dishwasher,2023-11-16,33.23
Dishwasher,2023-11-17,33.22
Dishwasher,2023-11-18,31.36
Dishwasher,2023-11-19,46.78
Dishwasher,2023-11-20,26.07
Dishwasher,2023-11-21,26.46
Dishwasher,2023-11-22,20.08
Dishwasher,2023-11-23,46.8
Dishwasher,2023-11-24,38.34
Dishwasher,2023-11-25,27.18
Dishwasher,2023-11-26,48.5
Dishwasher,2023-11-27,40.19
Dishwasher,2023-11-28,32.34
Dishwasher,2023-11-29,25.93
Dishwasher,2023-11-30,30.42
Dishwasher,2023-12-01,28.78
Dishwasher,2023-12-02,32.15
Dishwasher,2023-12-03,34.05
Dishwasher,2023-12-04,29.16
Dishwasher,2023-12-05,33.21
Dishwasher,2023-12-06,30.08
Dishwasher,2023-12-07,19.61
Dishwasher,2023-12-08,31.33
Dishwasher,2023-12-09,30.14
Dishwasher,2023-12-10,31.2
Dishwasher,2023-12-11,28.71
Dishwasher,2023-12-12,39.28
Dishwasher,2023-12-13,29.14
Dishwasher,2023-12-14,22.45
Dishwasher,2023-12-15,29.810000000000002
Dishwasher,2023-12-16,24.28
Dishwasher,2023-12-17,28.4
Dishwasher,2023-12-18,30.34
Dishwasher,2023-12-19,21.75
Dishwasher,2023-12-20,29.52
Dishwasher,2023-12-21,19.28
Dishwasher,2023-12-22,20.97
Dishwasher,2023-12-23,43.87
Dishwasher,2023-12-24,42.46
Dishwasher,2023-12-25,29.99
Dishwasher,2023-12-26,22.62
Dishwasher,2023-12-27,29.32
Dishwasher,2023-12-28,27.4
Dishwasher,2023-12-29,28.72
Dishwasher,2023-12-30,27.71
Dishwasher,2023-12-31,30.509999999999998
Dishwasher,2024-01-01,22.4
Fridge,2023-01-01,9.53
Fridge,2023-01-02,10.29
Fridge,2023-01-03,8.35
Fridge,2023-01-04,6.45
Fridge,2023-01-05,11.7
Fridge,2023-01-06,9.629999999999999
Fridge,2023-01-07,5.8100000000000005
Fridge,2023-01-08,13.08
Fridge,2023-01-09,8.36
Fridge,2023-01-10,7.96
Fridge,2023-01-11,5.14
Fridge,2023-01-12,7.89
Fridge,2023-01-13,8.82
Fridge,2023-01-14,11.43
Fridge,2023-01-15,7.16
Fridge,2023-01-16,7.04
Fridge,2023-01-17,7.75
Fridge,2023-01-18,9.56
Fridge,2023-01-19,9.9
Fridge,2023-01-20,12.27
Fridge,2023-01-21,8.36
Fridge,2023-01-22,8.19
Fridge,2023-01-23,6.11
Fridge,2023-01-24,6.33
Fridge,2023-01-25,6.08
Fridge,2023-01-26,9.03
Fridge,2023-01-27,11.23
Fridge,2023-01-28,11.08
Fridge,2023-01-29,6.85
Fridge,2023-01-30,5.35
Fridge,2023-01-31,7.890000000000001
Fridge,2023-02-01,9.79
Fridge,2023-02-02,7.46
Fridge,2023-02-03,11.3
Fridge,2023-02-04,7.28
Fridge,2023-02-05,8.72
Fridge,2023-02-06,5.3
Fridge,2023-02-07,7.97
Fridge,2023-02-08,6.85
Fridge,2023-02-09,11.6
Fridge,2023-02-10,8.01
Fridge,2023-02-11,6.76
Fridge,2023-02-12,7.37
Fridge,2023-02-13,4.51
Fridge,2023-02-14,6.16
Fridge,2023-02-15,6.46
Fridge,2023-02-16,7.2
Fridge,2023-02-17,8.7
Fridge,2023-02-18,7.68
Fridge,2023-02-19,5.63
Fridge,2023-02-20,9.16
Fridge,2023-02-21,6.9799999999999995
Fridge,2023-02-22,8.290000000000001
Fridge,2023-02-23,8.22
Fridge,2023-02-24,10.09
Fridge,2023-02-25,8.629999999999999
Fridge,2023-02-26,10.62
Fridge,2023-02-27,6.4
Fridge,2023-02-28,6.69
Fridge,2023-03-01,8.41
Fridge,2023-03-02,8.04
Fridge,2023-03-03,7.24
Fridge,2023-03-04,8.8
Fridge,2023-03-05,7.88
Fridge,2023-03-06,7.76
Fridge,2023-03-07,6.92
Fridge,2023-03-08,5.84
Fridge,2023-03-09,6.76
Fridge,2023-03-10,10.06
Fridge,2023-03-11,8.11
Fridge,2023-03-12,8.95
Fridge,2023-03-13,9.26
Fridge,2023-03-14,5.58
Fridge,2023-03-15,7.68
Fridge,2023-03-16,8.94
Fridge,2023-03-17,7.45
Fridge,2023-03-18,9.11
Fridge,2023-03-19,9.66
Fridge,2023-03-20,10.1
Fridge,2023-03-21,7.0600000000000005
Fridge,2023-03-22,10.14
Fridge,2023-03-23,6.51
Fridge,2023-03-24,8.69
Fridge,2023-03-25,6.33
Fridge,2023-03-26,8.82
Fridge,2023-03-27,7.43
Fridge,2023-03-28,7.97
Fridge,2023-03-29,10.99
Fridge,2023-03-30,5.51
Fridge,2023-03-31,8.25
Fridge,2023-04-01,6.63
Fridge,2023-04-02,5.9
Fridge,2023-04-03,8.31
Fridge,2023-04-04,9.06
Fridge,2023-04-05,9.16
Fridge,2023-04-06,7.16
Fridge,2023-04-07,8.44
Fridge,2023-04-08,8.39
Fridge,2023-04-09,8.209999999999999
Fridge,2023-04-10,6.97
Fridge,2023-04-11,8.41
Fridge,2023-04-12,11.13
Fridge,2023-04-13,10.58
Fridge,2023-04-14,10.11
Fridge,2023-04-15,9.19
Fridge,2023-04-16,8.42
Fridge,2023-04-17,10.05
Fridge,2023-04-18,7.65
Fridge,2023-04-19,6.45
Fridge,2023-04-20,8.83
Fridge,2023-04-21,7.2299999999999995
Fridge,2023-04-22,9.31
Fridge,2023-04-23,7.95
Fridge,2023-04-24,5.93
Fridge,2023-04-25,9.84
Fridge,2023-04-26,10.78
Fridge,2023-04-27,9.67
Fridge,2023-04-28,6.62
Fridge,2023-04-29,6.89
Fridge,2023-04-30,8.7
Fridge,2023-05-01,9.01
Fridge,2023-05-02,8.73
Fridge,2023-05-03,5.66
Fridge,2023-05-04,7.66
Fridge,2023-05-05,7.45
Fridge,2023-05-06,6.83
Fridge,2023-05-07,8.76
Fridge,2023-05-08,9.72
Fridge,2023-05-09,9.11
Fridge,2023-05-10,8.18
Fridge,2023-05-11,5.82
Fridge,2023-05-12,7.0
Fridge,2023-05-13,10.17
Fridge,2023-05-14,7.03
Fridge,2023-05-15,5.5
Fridge,2023-05-16,7.26
Fridge,2023-05-17,6.66
Fridge,2023-05-18,9.52
Fridge,2023-05-19,8.69
Fridge,2023-05-20,7.44
Fridge,2023-05-21,9.27
Fridge,2023-05-22,7.4
Fridge,2023-05-23,4.48
Fridge,2023-05-24,7.19
Fridge,2023-05-25,9.42
Fridge,2023-05-26,9.45
Fridge,2023-05-27,7.89
Fridge,2023-05-28,10.42
Fridge,2023-05-29,7.24
Fridge,2023-05-30,8.81
Fridge,2023-05-31,6.37
Fridge,2023-06-01,7.99
Fridge,2023-06-02,6.84
Fridge,2023-06-03,11.93
Fridge,2023-06-04,9.2
Fridge,2023-06-05,7.76
Fridge,2023-06-06,8.22
Fridge,2023-06-07,8.28
Fridge,2023-06-08,8.43
Fridge,2023-06-09,5.78
Fridge,2023-06-10,5.58
Fridge,2023-06-11,5.87
Fridge,2023-06-12,7.57
Fridge,2023-06-13,6.46
Fridge,2023-06-14,8.18
Fridge,2023-06-15,7.11
Fridge,2023-06-16,7.52
Fridge,2023-06-17,8.38
Fridge,2023-06-18,9.08
Fridge,2023-06-19,10.26
Fridge,2023-06-20,10.87
Fridge,2023-06-21,9.37
Fridge,2023-06-22,9.52
Fridge,2023-06-23,7.98
Fridge,2023-06-24,9.1
Fridge,2023-06-25,8.12
Fridge,2023-06-26,10.57
Fridge,2023-06-27,6.48
Fridge,2023-06-28,9.76
Fridge,2023-06-29,7.72
Fridge,2023-06-30,9.44
Fridge,2023-07-01,6.33
Fridge,2023-07-02,5.8100000000000005
Fridge,2023-07-03,4.95
Fridge,2023-07-04,7.39
Fridge,2023-07-05,8.37
Fridge,2023-07-06,7.97
Fridge,2023-07-07,9.52
Fridge,2023-07-08,11.16
Fridge,2023-07-09,8.55
Fridge,2023-07-10,7.18
Fridge,2023-07-11,10.33
Fridge,2023-07-12,9.77
Fridge,2023-07-13,6.68
Fridge,2023-07-14,8.35
Fridge,2023-07-15,9.4
Fridge,2023-07-16,8.13
Fridge,2023-07-17,9.18
Fridge,2023-07-18,9.52
Fridge,2023-07-19,8.18
Fridge,2023-07-20,7.75
Fridge,2023-07-21,7.109999999999999
Fridge,2023-07-22,10.76
Fridge,2023-07-23,8.03
Fridge,2023-07-24,8.83
Fridge,2023-07-25,7.57
Fridge,2023-07-26,8.41
Fridge,2023-07-27,8.09
Fridge,2023-07-28,7.35
Fridge,2023-07-29,9.1
Fridge,2023-07-30,5.76
Fridge,2023-07-31,6.74
Fridge,2023-08-01,11.2
Fridge,2023-08-02,9.02
Fridge,2023-08-03,8.49
Fridge,2023-08-04,6.23
Fridge,2023-08-05,7.5600000000000005
Fridge,2023-08-06,8.62
Fridge,2023-08-07,7.72
Fridge,2023-08-08,6.04
Fridge,2023-08-09,9.31
Fridge,2023-08-10,6.61
Fridge,2023-08-11,6.79
Fridge,2023-08-12,7.87
Fridge,2023-08-13,6.96
Fridge,2023-08-14,6.75
Fridge,2023-08-15,5.73
Fridge,2023-08-16,6.93
Fridge,2023-08-17,8.89
Fridge,2023-08-18,8.81
Fridge,2023-08-19,7.66
Fridge,2023-08-20,8.3
Fridge,2023-08-21,11.62
Fridge,2023-08-22,6.3100000000000005
Fridge,2023-08-23,6.9799999999999995
Fridge,2023-08-24,6.2
Fridge,2023-08-25,6.08
Fridge,2023-08-26,10.83
Fridge,2023-08-27,6.2
Fridge,2023-08-28,7.09
Fridge,2023-08-29,6.21
Fridge,2023-08-30,7.86
Fridge,2023-08-31,6.59
Fridge,2023-09-01,8.75
Fridge,2023-09-02,7.55
Fridge,2023-09-03,7.73
Fridge,2023-09-04,7.98
Fridge,2023-09-05,6.25
Fridge,2023-09-06,6.83
Fridge,2023-09-07,7.77
Fridge,2023-09-08,9.38
Fridge,2023-09-09,8.03
Fridge,2023-09-10,10.7
Fridge,2023-09-11,6.54
Fridge,2023-09-12,7.94
Fridge,2023-09-13,8.36
Fridge,2023-09-14,6.62
Fridge,2023-09-15,8.78
Fridge,2023-09-16,8.65
Fridge,2023-09-17,9.13
Fridge,2023-09-18,8.23
Fridge,2023-09-19,5.0600000000000005
Fridge,2023-09-20,7.37
Fridge,2023-09-21,7.3100000000000005
Fridge,2023-09-22,6.88
Fridge,2023-09-23,8.790000000000001
Fridge,2023-09-24,8.77
Fridge,2023-09-25,9.38
Fridge,2023-09-26,6.78
Fridge,2023-09-27,4.75
Fridge,2023-09-28,7.95
Fridge,2023-09-29,8.83
Fridge,2023-09-30,11.13
Fridge,2023-10-01,7.27
Fridge,2023-10-02,6.39
Fridge,2023-10-03,7.25
Fridge,2023-10-04,7.78
Fridge,2023-10-05,8.1
Fridge,2023-10-06,6.86
Fridge,2023-10-07,5.96
Fridge,2023-10-08,9.32
Fridge,2023-10-09,5.7
Fridge,2023-10-10,7.54
Fridge,2023-10-11,9.56
Fridge,2023-10-12,10.13
Fridge,2023-10-13,9.96
Fridge,2023-10-14,8.78
Fridge,2023-10-15,6.46
Fridge,2023-10-16,8.2
Fridge,2023-10-17,8.0
Fridge,2023-10-18,10.16
Fridge,2023-10-19,9.2
Fridge,2023-10-20,12.27
Fridge,2023-10-21,12.0
Fridge,2023-10-22,8.379999999999999
Fridge,2023-10-23,7.58
Fridge,2023-10-24,10.12
Fridge,2023-10-25,9.02
Fridge,2023-10-26,8.45
Fridge,2023-10-27,6.29
Fridge,2023-10-28,13.59
Fridge,2023-10-29,7.41
Fridge,2023-10-30,7.08
Fridge,2023-10-31,9.23
Fridge,2023-11-01,4.76
Fridge,2023-11-02,8.92
Fridge,2023-11-03,6.44
Fridge,2023-11-04,6.87
Fridge,2023-11-05,5.68
Fridge,2023-11-06,5.81
Fridge,2023-11-07,7.0
Fridge,2023-11-08,8.23
Fridge,2023-11-09,9.79
Fridge,2023-11-10,6.59
Fridge,2023-11-11,5.99
Fridge,2023-11-12,8.629999999999999
Fridge,2023-11-13,5.6
Fridge,2023-11-14,10.26
Fridge,2023-11-15,7.25
Fridge,2023-11-16,8.01
Fridge,2023-11-17,12.63
Fridge,2023-11-18,9.74
Fridge,2023-11-19,8.86
Fridge,2023-11-20,10.13
Fridge,2023-11-21,11.89
Fridge,2023-11-22,5.18
Fridge,2023-11-23,8.05
Fridge,2023-11-24,5.72
Fridge,2023-11-25,7.87
Fridge,2023-11-26,7.57
Fridge,2023-11-27,6.2
Fridge,2023-11-28,7.93
Fridge,2023-11-29,7.7
Fridge,2023-11-30,5.4
Fridge,2023-12-01,6.23
Fridge,2023-12-02,8.7
Fridge,2023-12-03,9.41
Fridge,2023-12-04,10.67
Fridge,2023-12-05,8.7
Fridge,2023-12-06,6.7
Fridge,2023-12-07,7.12
Fridge,2023-12-08,8.94
Fridge,2023-12-09,10.97
Fridge,2023-12-10,9.55
Fridge,2023-12-11,7.49
Fridge,2023-12-12,8.15
Fridge,2023-12-13,8.02
Fridge,2023-12-14,8.25
Fridge,2023-12-15,5.94
Fridge,2023-12-16,7.18
Fridge,2023-12-17,6.53
Fridge,2023-12-18,6.48
Fridge,2023-12-19,7.33
Fridge,2023-12-20,5.61
Fridge,2023-12-21,9.94
Fridge,2023-12-22,8.21
Fridge,2023-12-23,7.53
Fridge,2023-12-24,9.99
Fridge,2023-12-25,7.17
Fridge,2023-12-26,8.81
Fridge,2023-12-27,7.58
Fridge,2023-12-28,6.74
Fridge,2023-12-29,7.22
Fridge,2023-12-30,9.76
Fridge,2023-12-31,7.71
Fridge,2024-01-01,10.22
Heater,2023-01-01,136.79
Heater,2023-01-02,69.2
Heater,2023-01-03,94.52
Heater,2023-01-04,119.39999999999999
Heater,2023-01-05,105.13000000000001
Heater,2023-01-06,114.95
Heater,2023-01-07,148.34
Heater,2023-01-08,52.97
Heater,2023-01-09,93.66
Heater,2023-01-10,121.26
Heater,2023-01-11,138.4
Heater,2023-01-12,97.63
Heater,2023-01-13,113.0
Heater,2023-01-14,84.34
Heater,2023-01-15,112.44
Heater,2023-01-16,77.27
Heater,2023-01-17,99.52
Heater,2023-01-18,78.17
Heater,2023-01-19,96.13
Heater,2023-01-20,74.6
Heater,2023-01-21,97.02
Heater,2023-01-22,86.21
Heater,2023-01-23,128.49
Heater,2023-01-24,93.86
Heater,2023-01-25,111.24
Heater,2023-01-26,105.82
Heater,2023-01-27,101.8
Heater,2023-01-28,63.36
Heater,2023-01-29,93.87
Heater,2023-01-30,86.95
Heater,2023-01-31,78.77
Heater,2023-02-01,107.27
Heater,2023-02-02,50.09
Heater,2023-02-03,92.2
Heater,2023-02-04,90.0
Heater,2023-02-05,95.63
Heater,2023-02-06,90.61
Heater,2023-02-07,80.17
Heater,2023-02-08,123.03
Heater,2023-02-09,119.01
Heater,2023-02-10,86.43
Heater,2023-02-11,108.13
Heater,2023-02-12,111.49
Heater,2023-02-13,50.3
Heater,2023-02-14,67.52
Heater,2023-02-15,133.48
Heater,2023-02-16,155.81
Heater,2023-02-17,88.96
Heater,2023-02-18,106.43
Heater,2023-02-19,57.82
Heater,2023-02-20,71.31
Heater,2023-02-21,100.19
Heater,2023-02-22,108.41
Heater,2023-02-23,91.85
Heater,2023-02-24,70.75
Heater,2023-02-25,94.77
Heater,2023-02-26,78.0
Heater,2023-02-27,79.14
Heater,2023-02-28,100.25
Heater,2023-03-01,69.53
Heater,2023-03-02,73.96
Heater,2023-03-03,63.42
Heater,2023-03-04,86.39
Heater,2023-03-05,90.37
Heater,2023-03-06,67.03999999999999
Heater,2023-03-07,96.24
Heater,2023-03-08,113.98
Heater,2023-03-09,80.96
Heater,2023-03-10,106.42999999999999
Heater,2023-03-11,114.61
Heater,2023-03-12,91.76
Heater,2023-03-13,90.41
Heater,2023-03-14,66.42
Heater,2023-03-15,90.41
Heater,2023-03-16,61.36
Heater,2023-03-17,98.64
Heater,2023-03-18,133.12
Heater,2023-03-19,110.78
Heater,2023-03-20,114.19
Heater,2023-03-21,50.21
Heater,2023-03-22,84.21
Heater,2023-03-23,78.26
Heater,2023-03-24,101.25
Heater,2023-03-25,82.51
Heater,2023-03-26,100.65
Heater,2023-03-27,86.41
Heater,2023-03-28,70.22
Heater,2023-03-29,78.59
Heater,2023-03-30,84.61
Heater,2023-03-31,116.06
Heater,2023-04-01,104.94
Heater,2023-04-02,89.97
Heater,2023-04-03,102.19
Heater,2023-04-04,78.98
Heater,2023-04-05,85.08
Heater,2023-04-06,117.15
Heater,2023-04-07,93.2
Heater,2023-04-08,110.53
Heater,2023-04-09,84.67
Heater,2023-04-10,71.96
Heater,2023-04-11,129.52
Heater,2023-04-12,111.85
Heater,2023-04-13,96.44
Heater,2023-04-14,108.99
Heater,2023-04-15,66.27
Heater,2023-04-16,63.86
Heater,2023-04-17,78.51
Heater,2023-04-18,123.26
Heater,2023-04-19,109.77
Heater,2023-04-20,120.88
Heater,2023-04-21,85.14
Heater,2023-04-22,89.35
Heater,2023-04-23,72.34
Heater,2023-04-24,112.02
Heater,2023-04-25,101.97
Heater,2023-04-26,97.63
Heater,2023-04-27,108.25
Heater,2023-04-28,108.86
Heater,2023-04-29,109.88
Heater,2023-04-30,143.54
Heater,2023-05-01,78.93
Heater,2023-05-02,96.81
Heater,2023-05-03,99.38
Heater,2023-05-04,94.57000000000001
Heater,2023-05-05,106.2
Heater,2023-05-06,79.52
Heater,2023-05-07,74.67
Heater,2023-05-08,100.32
Heater,2023-05-09,84.61
Heater,2023-05-10,92.86
Heater,2023-05-11,66.94
Heater,2023-05-12,85.89
Heater,2023-05-13,89.97
Heater,2023-05-14,96.61
Heater,2023-05-15,112.76
Heater,2023-05-16,113.45
Heater,2023-05-17,109.38
Heater,2023-05-18,88.31
Heater,2023-05-19,113.97
Heater,2023-05-20,93.21
Heater,2023-05-21,126.09
Heater,2023-05-22,83.06
Heater,2023-05-23,110.74
Heater,2023-05-24,123.12
Heater,2023-05-25,64.27
Heater,2023-05-26,99.7
Heater,2023-05-27,60.68
Heater,2023-05-28,110.59
Heater,2023-05-29,116.15
Heater,2023-05-30,115.93
Heater,2023-05-31,75.69
Heater,2023-06-01,87.56
Heater,2023-06-02,95.86
Heater,2023-06-03,122.4
Heater,2023-06-04,89.35
Heater,2023-06-05,112.55
Heater,2023-06-06,101.16
Heater,2023-06-07,119.04
Heater,2023-06-08,62.06
Heater,2023-06-09,87.85
Heater,2023-06-10,87.74
Heater,2023-06-11,96.96
Heater,2023-06-12,114.84
Heater,2023-06-13,79.7
Heater,2023-06-14,103.56
Heater,2023-06-15,60.26
Heater,2023-06-16,134.7
Heater,2023-06-17,78.53
Heater,2023-06-18,117.07
Heater,2023-06-19,117.67
Heater,2023-06-20,95.59
Heater,2023-06-21,103.4
Heater,2023-06-22,59.06
Heater,2023-06-23,106.4
Heater,2023-06-24,110.4
Heater,2023-06-25,107.71
Heater,2023-06-26,101.43
Heater,2023-06-27,79.9
Heater,2023-06-28,87.66
Heater,2023-06-29,97.1
Heater,2023-06-30,109.24
Heater,2023-07-01,87.96000000000001
Heater,2023-07-02,115.01
Heater,2023-07-03,103.92
Heater,2023-07-04,67.98
Heater,2023-07-05,116.02
Heater,2023-07-06,94.36
Heater,2023-07-07,78.62
Heater,2023-07-08,93.44
Heater,2023-07-09,104.66
Heater,2023-07-10,56.51
Heater,2023-07-11,79.94
Heater,2023-07-12,110.86
Heater,2023-07-13,95.97
Heater,2023-07-14,80.54
Heater,2023-07-15,98.08
Heater,2023-07-16,111.81
Heater,2023-07-17,152.96
Heater,2023-07-18,94.5
Heater,2023-07-19,87.44
Heater,2023-07-20,68.72
Heater,2023-07-21,79.49
Heater,2023-07-22,82.05
Heater,2023-07-23,83.53
Heater,2023-07-24,122.47
Heater,2023-07-25,96.87
Heater,2023-07-26,106.11
Heater,2023-07-27,114.15
Heater,2023-07-28,82.08
Heater,2023-07-29,113.68
Heater,2023-07-30,103.73
Heater,2023-07-31,105.06
Heater,2023-08-01,86.5
Heater,2023-08-02,107.62
Heater,2023-08-03,64.4
Heater,2023-08-04,75.14
Heater,2023-08-05,106.86
Heater,2023-08-06,101.73
Heater,2023-08-07,94.17
Heater,2023-08-08,124.43
Heater,2023-08-09,89.21
Heater,2023-08-10,58.6
Heater,2023-08-11,93.63
Heater,2023-08-12,92.1
Heater,2023-08-13,76.22
Heater,2023-08-14,116.88
Heater,2023-08-15,107.61
Heater,2023-08-16,114.51
Heater,2023-08-17,88.58
Heater,2023-08-18,102.98
Heater,2023-08-19,112.0
Heater,2023-08-20,103.5
Heater,2023-08-21,92.92999999999999
Heater,2023-08-22,92.42
Heater,2023-08-23,104.89
Heater,2023-08-24,93.37
Heater,2023-08-25,87.56
Heater,2023-08-26,60.82
Heater,2023-08-27,90.73
Heater,2023-08-28,67.79
Heater,2023-08-29,101.2
Heater,2023-08-30,95.64
Heater,2023-08-31,74.49
Heater,2023-09-01,110.48
Heater,2023-09-02,134.14
Heater,2023-09-03,102.08
Heater,2023-09-04,130.85
Heater,2023-09-05,117.25
Heater,2023-09-06,120.98
Heater,2023-09-07,91.5
Heater,2023-09-08,85.48
Heater,2023-09-09,85.38
Heater,2023-09-10,71.13
Heater,2023-09-11,135.67
Heater,2023-09-12,91.6
Heater,2023-09-13,107.42
Heater,2023-09-14,85.32000000000001
Heater,2023-09-15,73.36
Heater,2023-09-16,104.67
Heater,2023-09-17,128.65
Heater,2023-09-18,87.65
Heater,2023-09-19,97.73
Heater,2023-09-20,87.53999999999999
Heater,2023-09-21,90.27
Heater,2023-09-22,107.4
Heater,2023-09-23,100.86
Heater,2023-09-24,77.31
Heater,2023-09-25,108.38
Heater,2023-09-26,96.5
Heater,2023-09-27,86.96
Heater,2023-09-28,103.54
Heater,2023-09-29,94.09
Heater,2023-09-30,71.92
Heater,2023-10-01,54.78
Heater,2023-10-02,92.86
Heater,2023-10-03,98.66
Heater,2023-10-04,87.44
Heater,2023-10-05,90.88
Heater,2023-10-06,91.92
Heater,2023-10-07,140.98
Heater,2023-10-08,120.24000000000001
Heater,2023-10-09,85.31
Heater,2023-10-10,134.59
Heater,2023-10-11,82.86
Heater,2023-10-12,89.65
Heater,2023-10-13,75.9
Heater,2023-10-14,104.09
Heater,2023-10-15,71.37
Heater,2023-10-16,83.75
Heater,2023-10-17,105.0
Heater,2023-10-18,107.85
Heater,2023-10-19,98.4
Heater,2023-10-20,93.23
Heater,2023-10-21,79.02
Heater,2023-10-22,85.97
Heater,2023-10-23,80.76
Heater,2023-10-24,98.35
Heater,2023-10-25,111.03
Heater,2023-10-26,83.39
Heater,2023-10-27,119.27
Heater,2023-10-28,79.99
Heater,2023-10-29,67.42
Heater,2023-10-30,82.4
Heater,2023-10-31,89.17
Heater,2023-11-01,110.78
Heater,2023-11-02,89.41
Heater,2023-11-03,105.08
Heater,2023-11-04,64.29
Heater,2023-11-05,100.14
Heater,2023-11-06,87.84
Heater,2023-11-07,110.63
Heater,2023-11-08,109.95
Heater,2023-11-09,98.58
Heater,2023-11-10,88.6
Heater,2023-11-11,95.13
Heater,2023-11-12,95.61
Heater,2023-11-13,88.83
Heater,2023-11-14,99.72
Heater,2023-11-15,118.05
Heater,2023-11-16,100.76
Heater,2023-11-17,106.11
Heater,2023-11-18,92.36
Heater,2023-11-19,84.45
Heater,2023-11-20,51.08
Heater,2023-11-21,99.41
Heater,2023-11-22,125.27
Heater,2023-11-23,69.17
Heater,2023-11-24,87.25
Heater,2023-11-25,84.54
Heater,2023-11-26,93.15
Heater,2023-11-27,76.4
Heater,2023-11-28,101.8
Heater,2023-11-29,77.64
Heater,2023-11-30,117.7
Heater,2023-12-01,98.03
Heater,2023-12-02,75.61
Heater,2023-12-03,124.31
Heater,2023-12-04,100.6
Heater,2023-12-05,86.06
Heater,2023-12-06,94.19
Heater,2023-12-07,84.57
Heater,2023-12-08,108.47
Heater,2023-12-09,87.83
Heater,2023-12-10,105.84
Heater,2023-12-11,82.08
Heater,2023-12-12,114.4
Heater,2023-12-13,93.7
Heater,2023-12-14,113.64
Heater,2023-12-15,70.28999999999999
Heater,2023-12-16,95.73
Heater,2023-12-17,102.02
Heater,2023-12-18,97.83
Heater,2023-12-19,102.06
Heater,2023-12-20,98.77
Heater,2023-12-21,118.19
Heater,2023-12-22,97.17
Heater,2023-12-23,80.84
Heater,2023-12-24,127.97
Heater,2023-12-25,69.95
Heater,2023-12-26,105.83
Heater,2023-12-27,90.07
Heater,2023-12-28,70.31
Heater,2023-12-29,109.46000000000001
Heater,2023-12-30,89.48
Heater,2023-12-31,78.49
Heater,2024-01-01,82.3
Lights,2023-01-01,36.32
Lights,2023-01-02,28.169999999999998
Lights,2023-01-03,36.28
Lights,2023-01-04,39.88
Lights,2023-01-05,39.2
Lights,2023-01-06,34.95
Lights,2023-01-07,39.5
Lights,2023-01-08,21.62
Lights,2023-01-09,23.0
Lights,2023-01-10,29.44
Lights,2023-01-11,41.35
Lights,2023-01-12,37.12
Lights,2023-01-13,30.44
Lights,2023-01-14,28.18
Lights,2023-01-15,30.42
Lights,2023-01-16,31.35
Lights,2023-01-17,29.1
Lights,2023-01-18,26.37
Lights,2023-01-19,19.46
Lights,2023-01-20,25.0
Lights,2023-01-21,20.68
Lights,2023-01-22,36.52
Lights,2023-01-23,30.01
Lights,2023-01-24,34.66
Lights,2023-01-25,27.36
Lights,2023-01-26,30.48
Lights,2023-01-27,31.69
Lights,2023-01-28,20.97
Lights,2023-01-29,28.02
Lights,2023-01-30,28.54
Lights,2023-01-31,46.88
Lights,2023-02-01,38.42
Lights,2023-02-02,30.18
Lights,2023-02-03,34.230000000000004
Lights,2023-02-04,32.7
Lights,2023-02-05,25.43
Lights,2023-02-06,34.86
Lights,2023-02-07,30.28
Lights,2023-02-08,29.7
Lights,2023-02-09,30.99
Lights,2023-02-10,29.58
Lights,2023-02-11,31.36
Lights,2023-02-12,23.23
Lights,2023-02-13,29.21
Lights,2023-02-14,33.66
Lights,2023-02-15,29.93
Lights,2023-02-16,32.5
Lights,2023-02-17,38.96
Lights,2023-02-18,37.58
Lights,2023-02-19,26.73
Lights,2023-02-20,38.58
Lights,2023-02-21,24.85
Lights,2023-02-22,26.21
Lights,2023-02-23,21.96
Lights,2023-02-24,29.69
Lights,2023-02-25,28.1
Lights,2023-02-26,30.35
Lights,2023-02-27,28.95
Lights,2023-02-28,29.82
Lights,2023-03-01,31.5
Lights,2023-03-02,34.75
Lights,2023-03-03,30.57
Lights,2023-03-04,28.75
Lights,2023-03-05,33.67
Lights,2023-03-06,34.56
Lights,2023-03-07,32.56
Lights,2023-03-08,30.82
Lights,2023-03-09,26.77
Lights,2023-03-10,37.91
Lights,2023-03-11,30.96
Lights,2023-03-12,25.44
Lights,2023-03-13,30.33
Lights,2023-03-14,34.59
Lights,2023-03-15,32.08
Lights,2023-03-16,29.15
Lights,2023-03-17,42.1
Lights,2023-03-18,24.88
Lights,2023-03-19,28.74
Lights,2023-03-20,34.53
Lights,2023-03-21,41.83
Lights,2023-03-22,16.03
Lights,2023-03-23,40.27
Lights,2023-03-24,27.8
Lights,2023-03-25,32.03
Lights,2023-03-26,23.65
Lights,2023-03-27,13.35
Lights,2023-03-28,29.439999999999998
Lights,2023-03-29,20.84
Lights,2023-03-30,31.9
Lights,2023-03-31,41.42
Lights,2023-04-01,24.169999999999998
Lights,2023-04-02,20.88
Lights,2023-04-03,24.7
Lights,2023-04-04,30.21
Lights,2023-04-05,28.15
Lights,2023-04-06,22.17
Lights,2023-04-07,43.79
Lights,2023-04-08,25.939999999999998
Lights,2023-04-09,30.36
Lights,2023-04-10,30.89
Lights,2023-04-11,21.080000000000002
Lights,2023-04-12,34.6
Lights,2023-04-13,31.03
Lights,2023-04-14,43.12
Lights,2023-04-15,27.79
Lights,2023-04-16,39.519999999999996
Lights,2023-04-17,32.33
Lights,2023-04-18,24.55
Lights,2023-04-19,39.82
Lights,2023-04-20,31.57
Lights,2023-04-21,24.54
Lights,2023-04-22,31.12
Lights,2023-04-23,34.48
Lights,2023-04-24,23.59
Lights,2023-04-25,33.13
Lights,2023-04-26,40.98
Lights,2023-04-27,23.79
Lights,2023-04-28,33.08
Lights,2023-04-29,42.45
Lights,2023-04-30,38.71
Lights,2023-05-01,25.24
Lights,2023-05-02,36.85
Lights,2023-05-03,15.68
Lights,2023-05-04,20.4
Lights,2023-05-05,28.69
Lights,2023-05-06,36.15
Lights,2023-05-07,33.45
Lights,2023-05-08,29.29
Lights,2023-05-09,21.24
Lights,2023-05-10,30.41
Lights,2023-05-11,21.05
Lights,2023-05-12,30.48
Lights,2023-05-13,31.86
Lights,2023-05-14,35.6
Lights,2023-05-15,28.8
Lights,2023-05-16,31.18
Lights,2023-05-17,28.36
Lights,2023-05-18,27.7
Lights,2023-05-19,39.47
Lights,2023-05-20,39.57
Lights,2023-05-21,32.6
Lights,2023-05-22,27.97
Lights,2023-05-23,25.22
Lights,2023-05-24,26.53
Lights,2023-05-25,38.64
Lights,2023-05-26,32.15
Lights,2023-05-27,28.2
Lights,2023-05-28,39.74
Lights,2023-05-29,28.72
Lights,2023-05-30,42.839999999999996
Lights,2023-05-31,24.36
Lights,2023-06-01,43.48
Lights,2023-06-02,40.42
Lights,2023-06-03,29.95
Lights,2023-06-04,28.96
Lights,2023-06-05,27.28
Lights,2023-06-06,29.240000000000002
Lights,2023-06-07,34.88
Lights,2023-06-08,29.52
Lights,2023-06-09,26.7
Lights,2023-06-10,27.66
Lights,2023-06-11,28.18
Lights,2023-06-12,29.57
Lights,2023-06-13,33.66
Lights,2023-06-14,35.13
Lights,2023-06-15,17.93
Lights,2023-06-16,32.42
Lights,2023-06-17,26.07
Lights,2023-06-18,32.95
Lights,2023-06-19,26.57
Lights,2023-06-20,25.36
Lights,2023-06-21,35.5
Lights,2023-06-22,30.32
Lights,2023-06-23,36.01
Lights,2023-06-24,31.61
Lights,2023-06-25,31.91
Lights,2023-06-26,31.849999999999998
Lights,2023-06-27,31.12
Lights,2023-06-28,35.03
Lights,2023-06-29,26.900000000000002
Lights,2023-06-30,24.099999999999998
Lights,2023-07-01,27.87
Lights,2023-07-02,32.4
Lights,2023-07-03,20.7
Lights,2023-07-04,37.25
Lights,2023-07-05,29.759999999999998
Lights,2023-07-06,24.27
Lights,2023-07-07,38.47
Lights,2023-07-08,35.0
Lights,2023-07-09,35.2
Lights,2023-07-10,23.77
Lights,2023-07-11,35.62
Lights,2023-07-12,28.98
Lights,2023-07-13,20.71
Lights,2023-07-14,25.5
Lights,2023-07-15,35.14
Lights,2023-07-16,34.63
Lights,2023-07-17,38.75
Lights,2023-07-18,27.67
Lights,2023-07-19,25.96
Lights,2023-07-20,36.03
Lights,2023-07-21,20.82
Lights,2023-07-22,31.46
Lights,2023-07-23,33.08
Lights,2023-07-24,18.18
Lights,2023-07-25,41.0
Lights,2023-07-26,23.89
Lights,2023-07-27,18.01
Lights,2023-07-28,30.22
Lights,2023-07-29,32.86
Lights,2023-07-30,24.27
Lights,2023-07-31,40.29
Lights,2023-08-01,37.08
Lights,2023-08-02,24.62
Lights,2023-08-03,22.95
Lights,2023-08-04,49.44
Lights,2023-08-05,30.85
Lights,2023-08-06,33.46
Lights,2023-08-07,25.52
Lights,2023-08-08,35.9
Lights,2023-08-09,23.01
Lights,2023-08-10,28.57
Lights,2023-08-11,22.57
Lights,2023-08-12,21.669999999999998
Lights,2023-08-13,30.66
Lights,2023-08-14,34.68
Lights,2023-08-15,36.339999999999996
Lights,2023-08-16,31.65
Lights,2023-08-17,44.1
Lights,2023-08-18,34.14
Lights,2023-08-19,36.42
Lights,2023-08-20,24.93
Lights,2023-08-21,23.23
Lights,2023-08-22,32.51
Lights,2023-08-23,26.080000000000002
Lights,2023-08-24,24.03
Lights,2023-08-25,29.53
Lights,2023-08-26,30.6
Lights,2023-08-27,31.3
Lights,2023-08-28,31.77
Lights,2023-08-29,29.91
Lights,2023-08-30,20.56
Lights,2023-08-31,32.1
Lights,2023-09-01,36.91
Lights,2023-09-02,20.08
Lights,2023-09-03,34.8
Lights,2023-09-04,30.73
Lights,2023-09-05,22.009999999999998
Lights,2023-09-06,24.53
Lights,2023-09-07,20.84
Lights,2023-09-08,21.41
Lights,2023-09-09,34.6
Lights,2023-09-10,36.63
Lights,2023-09-11,31.0
Lights,2023-09-12,34.93
Lights,2023-09-13,26.17
Lights,2023-09-14,42.92
Lights,2023-09-15,26.4
Lights,2023-09-16,31.64
Lights,2023-09-17,29.14
Lights,2023-09-18,28.7
Lights,2023-09-19,20.71
Lights,2023-09-20,37.75
Lights,2023-09-21,49.03
Lights,2023-09-22,23.01
Lights,2023-09-23,32.65
Lights,2023-09-24,23.83
Lights,2023-09-25,38.22
Lights,2023-09-26,47.89
Lights,2023-09-27,28.71
Lights,2023-09-28,22.04
Lights,2023-09-29,28.63
Lights,2023-09-30,22.78
Lights,2023-10-01,32.43
Lights,2023-10-02,44.11
Lights,2023-10-03,23.68
Lights,2023-10-04,42.46
Lights,2023-10-05,30.23
Lights,2023-10-06,21.87
Lights,2023-10-07,23.93
Lights,2023-10-08,33.57
Lights,2023-10-09,33.98
Lights,2023-10-10,26.29
Lights,2023-10-11,27.96
Lights,2023-10-12,23.94
Lights,2023-10-13,43.17
Lights,2023-10-14,23.21
Lights,2023-10-15,40.54
Lights,2023-10-16,23.4
Lights,2023-10-17,30.03
Lights,2023-10-18,29.73
Lights,2023-10-19,34.49
Lights,2023-10-20,29.459999999999997
Lights,2023-10-21,31.2
Lights,2023-10-22,22.15
Lights,2023-10-23,25.07
Lights,2023-10-24,32.4
Lights,2023-10-25,31.23
Lights,2023-10-26,30.69
Lights,2023-10-27,23.1
Lights,2023-10-28,35.55
Lights,2023-10-29,24.83
Lights,2023-10-30,20.22
Lights,2023-10-31,23.27
Lights,2023-11-01,38.3
Lights,2023-11-02,52.77
Lights,2023-11-03,27.69
Lights,2023-11-04,25.85
Lights,2023-11-05,34.22
Lights,2023-11-06,38.3
Lights,2023-11-07,31.64
Lights,2023-11-08,34.33
Lights,2023-11-09,23.16
Lights,2023-11-10,41.01
Lights,2023-11-11,26.83
Lights,2023-11-12,40.26
Lights,2023-11-13,33.35
Lights,2023-11-14,30.54
Lights,2023-11-15,34.77
Lights,2023-11-16,25.94
Lights,2023-11-17,17.72
Lights,2023-11-18,22.43
Lights,2023-11-19,26.7
Lights,2023-11-20,33.31
Lights,2023-11-21,29.169999999999998
Lights,2023-11-22,33.15
Lights,2023-11-23,29.9
Lights,2023-11-24,33.32
Lights,2023-11-25,34.6
Lights,2023-11-26,26.72
Lights,2023-11-27,24.29
Lights,2023-11-28,31.54
Lights,2023-11-29,31.33
Lights,2023-11-30,30.830000000000002
Lights,2023-12-01,43.769999999999996
Lights,2023-12-02,30.52
Lights,2023-12-03,16.8
Lights,2023-12-04,21.59
Lights,2023-12-05,23.2
Lights,2023-12-06,24.53
Lights,2023-12-07,31.8
Lights,2023-12-08,24.39
Lights,2023-12-09,33.04
Lights,2023-12-10,19.96
Lights,2023-12-11,22.95
Lights,2023-12-12,19.0
Lights,2023-12-13,27.6
Lights,2023-12-14,23.62
Lights,2023-12-15,30.96
Lights,2023-12-16,21.04
Lights,2023-12-17,25.53
Lights,2023-12-18,30.78
Lights,2023-12-19,31.32
Lights,2023-12-20,30.75
Lights,2023-12-21,31.43
Lights,2023-12-22,29.99
Lights,2023-12-23,26.36
Lights,2023-12-24,26.509999999999998
Lights,2023-12-25,31.13
Lights,2023-12-26,26.25
Lights,2023-12-27,29.82
Lights,2023-12-28,21.29
Lights,2023-12-29,41.94
Lights,2023-12-30,32.97
Lights,2023-12-31,29.9
Lights,2024-01-01,27.11
Microwave,2023-01-01,27.85
Microwave,2023-01-02,31.71
Microwave,2023-01-03,20.41
Microwave,2023-01-04,19.76
Microwave,2023-01-05,31.65
Microwave,2023-01-06,33.6
Microwave,2023-01-07,29.150000000000002
Microwave,2023-01-08,35.22
Microwave,2023-01-09,21.49
Microwave,2023-01-10,31.29
Microwave,2023-01-11,27.23
Microwave,2023-01-12,32.64
Microwave,2023-01-13,30.63
Microwave,2023-01-14,28.16
Microwave,2023-01-15,23.83
Microwave,2023-01-16,35.22
Microwave,2023-01-17,18.43
Microwave,2023-01-18,35.88
Microwave,2023-01-19,33.79
Microwave,2023-01-20,34.94
Microwave,2023-01-21,30.91
Microwave,2023-01-22,38.49
Microwave,2023-01-23,27.85
Microwave,2023-01-24,34.93
Microwave,2023-01-25,15.35
Microwave,2023-01-26,31.580000000000002
Microwave,2023-01-27,38.53
Microwave,2023-01-28,30.2
Microwave,2023-01-29,46.83
Microwave,2023-01-30,38.55
Microwave,2023-01-31,23.51
Microwave,2023-02-01,31.81
Microwave,2023-02-02,34.49
Microwave,2023-02-03,21.75
Microwave,2023-02-04,26.81
Microwave,2023-02-05,34.31
Microwave,2023-02-06,26.28
Microwave,2023-02-07,26.62
Microwave,2023-02-08,23.81
Microwave,2023-02-09,24.1
Microwave,2023-02-10,22.15
Microwave,2023-02-11,27.66
Microwave,2023-02-12,21.89
Microwave,2023-02-13,32.0
Microwave,2023-02-14,33.85
Microwave,2023-02-15,42.89
Microwave,2023-02-16,33.17
Microwave,2023-02-17,27.72
Microwave,2023-02-18,54.5
Microwave,2023-02-19,36.87
Microwave,2023-02-20,31.55
Microwave,2023-02-21,34.55
Microwave,2023-02-22,39.42
Microwave,2023-02-23,28.01
Microwave,2023-02-24,28.71
Microwave,2023-02-25,45.38
Microwave,2023-02-26,26.330000000000002
Microwave,2023-02-27,42.15
Microwave,2023-02-28,39.59
Microwave,2023-03-01,21.51
Microwave,2023-03-02,27.97
Microwave,2023-03-03,21.19
Microwave,2023-03-04,24.23
Microwave,2023-03-05,38.75
Microwave,2023-03-06,36.06
Microwave,2023-03-07,19.19
Microwave,2023-03-08,35.39
Microwave,2023-03-09,34.28
Microwave,2023-03-10,29.49
Microwave,2023-03-11,46.02
Microwave,2023-03-12,26.99
Microwave,2023-03-13,26.6
Microwave,2023-03-14,32.089999999999996
Microwave,2023-03-15,20.75
Microwave,2023-03-16,31.39
Microwave,2023-03-17,36.92
Microwave,2023-03-18,21.76
Microwave,2023-03-19,25.29
Microwave,2023-03-20,26.92
Microwave,2023-03-21,27.169999999999998
Microwave,2023-03-22,33.38
Microwave,2023-03-23,38.29
Microwave,2023-03-24,23.53
Microwave,2023-03-25,28.06
Microwave,2023-03-26,38.32
Microwave,2023-03-27,16.13
Microwave,2023-03-28,32.44
Microwave,2023-03-29,34.64
Microwave,2023-03-30,31.1
Microwave,2023-03-31,19.31
Microwave,2023-04-01,37.22
Microwave,2023-04-02,31.27
Microwave,2023-04-03,27.17
Microwave,2023-04-04,27.53
Microwave,2023-04-05,32.64
Microwave,2023-04-06,36.95
Microwave,2023-04-07,39.3
Microwave,2023-04-08,25.23
Microwave,2023-04-09,27.13
Microwave,2023-04-10,26.0
Microwave,2023-04-11,27.69
Microwave,2023-04-12,30.5
Microwave,2023-04-13,41.05
Microwave,2023-04-14,23.21
Microwave,2023-04-15,27.5
Microwave,2023-04-16,22.74
Microwave,2023-04-17,28.29
Microwave,2023-04-18,28.94
Microwave,2023-04-19,32.69
Microwave,2023-04-20,38.33
Microwave,2023-04-21,29.15
Microwave,2023-04-22,30.23
Microwave,2023-04-23,28.54
Microwave,2023-04-24,32.93
Microwave,2023-04-25,37.15
Microwave,2023-04-26,36.92
Microwave,2023-04-27,19.11
Microwave,2023-04-28,29.31
Microwave,2023-04-29,23.509999999999998
Microwave,2023-04-30,26.09
Microwave,2023-05-01,32.42
Microwave,2023-05-02,35.519999999999996
Microwave,2023-05-03,33.41
Microwave,2023-05-04,33.36
Microwave,2023-05-05,35.44
Microwave,2023-05-06,26.44
Microwave,2023-05-07,30.57
Microwave,2023-05-08,30.22
Microwave,2023-05-09,32.99
Microwave,2023-05-10,37.71
Microwave,2023-05-11,26.14
Microwave,2023-05-12,35.64
Microwave,2023-05-13,32.33
Microwave,2023-05-14,29.45
Microwave,2023-05-15,20.69
Microwave,2023-05-16,32.22
Microwave,2023-05-17,19.08
Microwave,2023-05-18,17.44
Microwave,2023-05-19,29.11
Microwave,2023-05-20,31.79
Microwave,2023-05-21,31.57
Microwave,2023-05-22,29.78
Microwave,2023-05-23,30.84
Microwave,2023-05-24,33.42
Microwave,2023-05-25,30.3
Microwave,2023-05-26,25.439999999999998
Microwave,2023-05-27,31.66
Microwave,2023-05-28,28.46
Microwave,2023-05-29,28.849999999999998
Microwave,2023-05-30,23.25
Microwave,2023-05-31,28.31
Microwave,2023-06-01,20.5
Microwave,2023-06-02,31.11
Microwave,2023-06-03,25.78
Microwave,2023-06-04,22.91
Microwave,2023-06-05,35.15
Microwave,2023-06-06,40.07
Microwave,2023-06-07,28.4
Microwave,2023-06-08,36.75
Microwave,2023-06-09,36.12
Microwave,2023-06-10,40.68
Microwave,2023-06-11,35.41
Microwave,2023-06-12,33.77
Microwave,2023-06-13,29.97
Microwave,2023-06-14,37.55
Microwave,2023-06-15,23.54
Microwave,2023-06-16,33.88
Microwave,2023-06-17,32.66
Microwave,2023-06-18,28.58
Microwave,2023-06-19,33.22
Microwave,2023-06-20,32.65
Microwave,2023-06-21,21.44
Microwave,2023-06-22,38.39
Microwave,2023-06-23,24.69
Microwave,2023-06-24,30.64
Microwave,2023-06-25,39.64
Microwave,2023-06-26,27.32
Microwave,2023-06-27,27.919999999999998
Microwave,2023-06-28,40.36
Microwave,2023-06-29,33.22
Microwave,2023-06-30,30.57
Microwave,2023-07-01,25.05
Microwave,2023-07-02,39.0
Microwave,2023-07-03,23.35
Microwave,2023-07-04,23.81
Microwave,2023-07-05,28.86
Microwave,2023-07-06,25.93
Microwave,2023-07-07,27.0
Microwave,2023-07-08,35.91
Microwave,2023-07-09,32.49
Microwave,2023-07-10,33.9
Microwave,2023-07-11,33.11
Microwave,2023-07-12,35.37
Microwave,2023-07-13,24.419999999999998
Microwave,2023-07-14,35.29
Microwave,2023-07-15,44.33
Microwave,2023-07-16,19.509999999999998
Microwave,2023-07-17,21.38
Microwave,2023-07-18,29.22
Microwave,2023-07-19,27.42
Microwave,2023-07-20,33.76
Microwave,2023-07-21,23.25
Microwave,2023-07-22,27.31
Microwave,2023-07-23,26.86
Microwave,2023-07-24,33.81
Microwave,2023-07-25,29.12
Microwave,2023-07-26,28.17
Microwave,2023-07-27,30.93
Microwave,2023-07-28,30.95
Microwave,2023-07-29,21.57
Microwave,2023-07-30,29.64
Microwave,2023-07-31,27.169999999999998
Microwave,2023-08-01,24.26
Microwave,2023-08-02,38.56
Microwave,2023-08-03,16.61
Microwave,2023-08-04,39.48
Microwave,2023-08-05,39.81
Microwave,2023-08-06,27.830000000000002
Microwave,2023-08-07,29.72
Microwave,2023-08-08,32.96
Microwave,2023-08-09,28.54
Microwave,2023-08-10,35.65
Microwave,2023-08-11,33.55
Microwave,2023-08-12,22.509999999999998
Microwave,2023-08-13,35.83
Microwave,2023-08-14,19.19
Microwave,2023-08-15,19.12
Microwave,2023-08-16,20.75
Microwave,2023-08-17,30.69
Microwave,2023-08-18,37.33
Microwave,2023-08-19,31.37
Microwave,2023-08-20,29.939999999999998
Microwave,2023-08-21,29.16
Microwave,2023-08-22,24.900000000000002
Microwave,2023-08-23,21.27
Microwave,2023-08-24,24.64
Microwave,2023-08-25,35.14
Microwave,2023-08-26,44.48
Microwave,2023-08-27,23.72
Microwave,2023-08-28,30.77
Microwave,2023-08-29,33.97
Microwave,2023-08-30,29.64
Microwave,2023-08-31,19.4
Microwave,2023-09-01,29.35
Microwave,2023-09-02,23.62
Microwave,2023-09-03,26.69
Microwave,2023-09-04,32.96
Microwave,2023-09-05,23.23
Microwave,2023-09-06,28.84
Microwave,2023-09-07,21.65
Microwave,2023-09-08,29.82
Microwave,2023-09-09,30.62
Microwave,2023-09-10,20.82
Microwave,2023-09-11,24.94
Microwave,2023-09-12,25.14
Microwave,2023-09-13,24.13
Microwave,2023-09-14,24.5
Microwave,2023-09-15,27.49
Microwave,2023-09-16,30.52
Microwave,2023-09-17,36.65
Microwave,2023-09-18,25.25
Microwave,2023-09-19,35.6
Microwave,2023-09-20,25.71
Microwave,2023-09-21,30.19
Microwave,2023-09-22,27.32
Microwave,2023-09-23,18.7
Microwave,2023-09-24,26.97
Microwave,2023-09-25,34.269999999999996
Microwave,2023-09-26,25.240000000000002
Microwave,2023-09-27,26.31
Microwave,2023-09-28,24.38
Microwave,2023-09-29,34.73
Microwave,2023-09-30,23.19
Microwave,2023-10-01,22.18
Microwave,2023-10-02,28.59
Microwave,2023-10-03,17.98
Microwave,2023-10-04,24.830000000000002
Microwave,2023-10-05,25.37
Microwave,2023-10-06,34.79
Microwave,2023-10-07,38.27
Microwave,2023-10-08,43.06
Microwave,2023-10-09,21.19
Microwave,2023-10-10,29.85
Microwave,2023-10-11,31.28
Microwave,2023-10-12,32.73
Microwave,2023-10-13,30.77
Microwave,2023-10-14,26.3
Microwave,2023-10-15,37.15
Microwave,2023-10-16,34.01
Microwave,2023-10-17,39.11
Microwave,2023-10-18,30.02
Microwave,2023-10-19,33.92
Microwave,2023-10-20,30.599999999999998
Microwave,2023-10-21,26.06
Microwave,2023-10-22,27.01
Microwave,2023-10-23,30.060000000000002
Microwave,2023-10-24,33.97
Microwave,2023-10-25,36.78
Microwave,2023-10-26,29.91
Microwave,2023-10-27,38.6
Microwave,2023-10-28,29.86
Microwave,2023-10-29,33.03
Microwave,2023-10-30,20.23
Microwave,2023-10-31,27.42
Microwave,2023-11-01,25.39
Microwave,2023-11-02,27.52
Microwave,2023-11-03,34.4
Microwave,2023-11-04,41.4
Microwave,2023-11-05,42.26
Microwave,2023-11-06,15.879999999999999
Microwave,2023-11-07,28.419999999999998
Microwave,2023-11-08,30.96
Microwave,2023-11-09,33.36
Microwave,2023-11-10,39.28
Microwave,2023-11-11,22.59
Microwave,2023-11-12,40.2
Microwave,2023-11-13,36.8
Microwave,2023-11-14,19.31
Microwave,2023-11-15,33.44
Microwave,2023-11-16,27.29
Microwave,2023-11-17,48.32
Microwave,2023-11-18,25.25
Microwave,2023-11-19,35.2
Microwave,2023-11-20,32.22
Microwave,2023-11-21,23.95
Microwave,2023-11-22,30.4
Microwave,2023-11-23,26.67
Microwave,2023-11-24,27.23
Microwave,2023-11-25,38.08
Microwave,2023-11-26,29.09
Microwave,2023-11-27,29.29
Microwave,2023-11-28,29.74
Microwave,2023-11-29,35.83
Microwave,2023-11-30,37.3
Microwave,2023-12-01,24.1
Microwave,2023-12-02,30.34
Microwave,2023-12-03,25.34
Microwave,2023-12-04,34.04
Microwave,2023-12-05,32.17
Microwave,2023-12-06,21.52
Microwave,2023-12-07,33.83
Microwave,2023-12-08,29.7
Microwave,2023-12-09,23.14
Microwave,2023-12-10,46.21
Microwave,2023-12-11,24.84
Microwave,2023-12-12,25.529999999999998
Microwave,2023-12-13,27.330000000000002
Microwave,2023-12-14,26.28
Microwave,2023-12-15,25.94
Microwave,2023-12-16,21.98
Microwave,2023-12-17,27.86
Microwave,2023-12-18,25.58
Microwave,2023-12-19,27.04
Microwave,2023-12-20,40.46
Microwave,2023-12-21,27.59
Microwave,2023-12-22,38.82
Microwave,2023-12-23,25.79
Microwave,2023-12-24,27.71
Microwave,2023-12-25,23.57
Microwave,2023-12-26,24.78
Microwave,2023-12-27,41.38
Microwave,2023-12-28,16.69
Microwave,2023-12-29,20.76
Microwave,2023-12-30,23.23
Microwave,2023-12-31,23.099999999999998
Microwave,2024-01-01,30.9
Oven,2023-01-01,27.4
Oven,2023-01-02,43.15
Oven,2023-01-03,25.919999999999998
Oven,2023-01-04,30.56
Oven,2023-01-05,31.509999999999998
Oven,2023-01-06,35.93
Oven,2023-01-07,41.41
Oven,2023-01-08,36.18
Oven,2023-01-09,22.79
Oven,2023-01-10,29.09
Oven,2023-01-11,42.58
Oven,2023-01-12,32.12
Oven,2023-01-13,37.73
Oven,2023-01-14,28.19
Oven,2023-01-15,24.07
Oven,2023-01-16,24.35
Oven,2023-01-17,30.15
Oven,2023-01-18,25.75
Oven,2023-01-19,33.54
Oven,2023-01-20,32.49
Oven,2023-01-21,38.06
Oven,2023-01-22,28.939999999999998
Oven,2023-01-23,24.97
Oven,2023-01-24,33.49
Oven,2023-01-25,34.57
Oven,2023-01-26,32.81
Oven,2023-01-27,35.0
Oven,2023-01-28,21.07
Oven,2023-01-29,31.59
Oven,2023-01-30,31.19
Oven,2023-01-31,22.96
Oven,2023-02-01,24.35
Oven,2023-02-02,31.39
Oven,2023-02-03,33.64
Oven,2023-02-04,41.19
Oven,2023-02-05,20.52
Oven,2023-02-06,39.66
Oven,2023-02-07,26.03
Oven,2023-02-08,26.63
Oven,2023-02-09,44.65
Oven,2023-02-10,18.45
Oven,2023-02-11,37.83
Oven,2023-02-12,34.89
Oven,2023-02-13,24.54
Oven,2023-02-14,25.32
Oven,2023-02-15,27.23
Oven,2023-02-16,37.03
Oven,2023-02-17,30.84
Oven,2023-02-18,13.77
Oven,2023-02-19,26.39
Oven,2023-02-20,18.89
Oven,2023-02-21,26.18
Oven,2023-02-22,26.89
Oven,2023-02-23,23.05
Oven,2023-02-24,26.26
Oven,2023-02-25,23.04
Oven,2023-02-26,28.05
Oven,2023-02-27,25.5
Oven,2023-02-28,47.07
Oven,2023-03-01,38.02
Oven,2023-03-02,28.080000000000002
Oven,2023-03-03,32.65
Oven,2023-03-04,29.15
Oven,2023-03-05,29.32
Oven,2023-03-06,37.42
Oven,2023-03-07,31.759999999999998
Oven,2023-03-08,44.16
Oven,2023-03-09,24.34
Oven,2023-03-10,27.12
Oven,2023-03-11,28.46
Oven,2023-03-12,32.73
Oven,2023-03-13,22.74
Oven,2023-03-14,19.6
Oven,2023-03-15,30.99
Oven,2023-03-16,22.44
Oven,2023-03-17,22.79
Oven,2023-03-18,35.06
Oven,2023-03-19,35.28
Oven,2023-03-20,18.32
Oven,2023-03-21,35.51
Oven,2023-03-22,32.22
Oven,2023-03-23,31.57
Oven,2023-03-24,26.9
Oven,2023-03-25,30.919999999999998
Oven,2023-03-26,24.08
Oven,2023-03-27,41.05
Oven,2023-03-28,28.37
Oven,2023-03-29,20.56
Oven,2023-03-30,25.2
Oven,2023-03-31,30.73
Oven,2023-04-01,36.230000000000004
Oven,2023-04-02,20.68
Oven,2023-04-03,33.27
Oven,2023-04-04,25.32
Oven,2023-04-05,41.15
Oven,2023-04-06,24.16
Oven,2023-04-07,25.62
Oven,2023-04-08,35.52
Oven,2023-04-09,26.58
Oven,2023-04-10,21.83
Oven,2023-04-11,26.38
Oven,2023-04-12,25.27
Oven,2023-04-13,27.52
Oven,2023-04-14,21.92
Oven,2023-04-15,40.69
Oven,2023-04-16,40.84
Oven,2023-04-17,35.02
Oven,2023-04-18,31.46
Oven,2023-04-19,37.63
Oven,2023-04-20,27.89
Oven,2023-04-21,26.65
Oven,2023-04-22,32.47
Oven,2023-04-23,25.34
Oven,2023-04-24,27.89
Oven,2023-04-25,26.63
Oven,2023-04-26,31.93
Oven,2023-04-27,23.47
Oven,2023-04-28,26.76
Oven,2023-04-29,24.32
Oven,2023-04-30,34.73
Oven,2023-05-01,34.95
Oven,2023-05-02,32.78
Oven,2023-05-03,30.38
Oven,2023-05-04,34.24
Oven,2023-05-05,31.06
Oven,2023-05-06,20.37
Oven,2023-05-07,25.74
Oven,2023-05-08,14.6
Oven,2023-05-09,34.88
Oven,2023-05-10,25.18
Oven,2023-05-11,32.46
Oven,2023-05-12,23.29
Oven,2023-05-13,50.2
Oven,2023-05-14,22.41
Oven,2023-05-15,42.12
Oven,2023-05-16,36.21
Oven,2023-05-17,23.21
Oven,2023-05-18,31.27
Oven,2023-05-19,30.46
Oven,2023-05-20,40.27
Oven,2023-05-21,27.71
Oven,2023-05-22,24.31
Oven,2023-05-23,32.41
Oven,2023-05-24,34.1
Oven,2023-05-25,39.52
Oven,2023-05-26,35.4
Oven,2023-05-27,33.16
Oven,2023-05-28,37.57
Oven,2023-05-29,19.85
Oven,2023-05-30,18.48
Oven,2023-05-31,33.39
Oven,2023-06-01,14.99
Oven,2023-06-02,19.76
Oven,2023-06-03,38.51
Oven,2023-06-04,33.41
Oven,2023-06-05,22.86
Oven,2023-06-06,29.17
Oven,2023-06-07,17.04
Oven,2023-06-08,30.68
Oven,2023-06-09,19.09
Oven,2023-06-10,49.9
Oven,2023-06-11,41.01
Oven,2023-06-12,30.86
Oven,2023-06-13,39.16
Oven,2023-06-14,47.07
Oven,2023-06-15,34.03
Oven,2023-06-16,36.8
Oven,2023-06-17,34.84
Oven,2023-06-18,39.66
Oven,2023-06-19,28.32
Oven,2023-06-20,40.21
Oven,2023-06-21,17.97
Oven,2023-06-22,35.79
Oven,2023-06-23,28.15
Oven,2023-06-24,35.230000000000004
Oven,2023-06-25,33.48
Oven,2023-06-26,33.8
Oven,2023-06-27,39.64
Oven,2023-06-28,33.0
Oven,2023-06-29,27.83
Oven,2023-06-30,33.94
Oven,2023-07-01,37.3
Oven,2023-07-02,23.82
Oven,2023-07-03,43.03
Oven,2023-07-04,17.12
Oven,2023-07-05,35.33
Oven,2023-07-06,29.88
Oven,2023-07-07,32.97
Oven,2023-07-08,16.46
Oven,2023-07-09,18.23
Oven,2023-07-10,34.63
Oven,2023-07-11,35.48
Oven,2023-07-12,40.44
Oven,2023-07-13,23.19
Oven,2023-07-14,24.02
Oven,2023-07-15,36.1
Oven,2023-07-16,29.89
Oven,2023-07-17,28.76
Oven,2023-07-18,29.08
Oven,2023-07-19,23.91
Oven,2023-07-20,28.77
Oven,2023-07-21,23.17
Oven,2023-07-22,18.04
Oven,2023-07-23,27.87
Oven,2023-07-24,28.52
Oven,2023-07-25,26.580000000000002
Oven,2023-07-26,31.43
Oven,2023-07-27,33.69
Oven,2023-07-28,25.88
Oven,2023-07-29,25.96
Oven,2023-07-30,32.39
Oven,2023-07-31,41.41
Oven,2023-08-01,32.87
Oven,2023-08-02,35.32
Oven,2023-08-03,22.93
Oven,2023-08-04,35.9
Oven,2023-08-05,32.76
Oven,2023-08-06,24.6
Oven,2023-08-07,42.64
Oven,2023-08-08,31.259999999999998
Oven,2023-08-09,30.69
Oven,2023-08-10,28.1
Oven,2023-08-11,34.51
Oven,2023-08-12,19.71
Oven,2023-08-13,30.52
Oven,2023-08-14,34.13
Oven,2023-08-15,24.15
Oven,2023-08-16,28.87
Oven,2023-08-17,32.36
Oven,2023-08-18,25.46
Oven,2023-08-19,27.54
Oven,2023-08-20,34.52
Oven,2023-08-21,21.94
Oven,2023-08-22,30.07
Oven,2023-08-23,38.910000000000004
Oven,2023-08-24,23.22
Oven,2023-08-25,38.03
Oven,2023-08-26,23.82
Oven,2023-08-27,24.54
Oven,2023-08-28,26.4
Oven,2023-08-29,32.52
Oven,2023-08-30,33.9
Oven,2023-08-31,32.32
Oven,2023-09-01,37.72
Oven,2023-09-02,25.07
Oven,2023-09-03,25.88
Oven,2023-09-04,21.79
Oven,2023-09-05,29.74
Oven,2023-09-06,20.64
Oven,2023-09-07,24.6
Oven,2023-09-08,19.78
Oven,2023-09-09,33.13
Oven,2023-09-10,40.01
Oven,2023-09-11,26.4
Oven,2023-09-12,28.03
Oven,2023-09-13,27.16
Oven,2023-09-14,22.53
Oven,2023-09-15,21.9
Oven,2023-09-16,29.55
Oven,2023-09-17,34.61
Oven,2023-09-18,23.07
Oven,2023-09-19,36.02
Oven,2023-09-20,30.009999999999998
Oven,2023-09-21,40.68
Oven,2023-09-22,18.14
Oven,2023-09-23,25.87
Oven,2023-09-24,27.13
Oven,2023-09-25,37.65
Oven,2023-09-26,30.04
Oven,2023-09-27,33.31
Oven,2023-09-28,24.72
Oven,2023-09-29,20.47
Oven,2023-09-30,24.65
Oven,2023-10-01,27.47
Oven,2023-10-02,32.64
Oven,2023-10-03,33.71
Oven,2023-10-04,26.95
Oven,2023-10-05,34.43
Oven,2023-10-06,37.12
Oven,2023-10-07,16.77
Oven,2023-10-08,31.61
Oven,2023-10-09,32.62
Oven,2023-10-10,20.95
Oven,2023-10-11,34.91
Oven,2023-10-12,24.71
Oven,2023-10-13,38.26
Oven,2023-10-14,35.69
Oven,2023-10-15,28.33
Oven,2023-10-16,33.9
Oven,2023-10-17,32.81
Oven,2023-10-18,29.1
Oven,2023-10-19,32.82
Oven,2023-10-20,19.65
Oven,2023-10-21,30.72
Oven,2023-10-22,37.62
Oven,2023-10-23,31.93
Oven,2023-10-24,28.43
Oven,2023-10-25,23.44
Oven,2023-10-26,18.4
Oven,2023-10-27,32.66
Oven,2023-10-28,34.63
Oven,2023-10-29,28.21
Oven,2023-10-30,36.51
Oven,2023-10-31,23.12
Oven,2023-11-01,32.77
Oven,2023-11-02,47.589999999999996
Oven,2023-11-03,15.89
Oven,2023-11-04,32.2
Oven,2023-11-05,28.48
Oven,2023-11-06,25.57
Oven,2023-11-07,38.81
Oven,2023-11-08,31.1
Oven,2023-11-09,29.62
Oven,2023-11-10,30.830000000000002
Oven,2023-11-11,33.17
Oven,2023-11-12,40.77
Oven,2023-11-13,24.81
Oven,2023-11-14,30.57
Oven,2023-11-15,25.86
Oven,2023-11-16,23.53
Oven,2023-11-17,38.97
Oven,2023-11-18,23.12
Oven,2023-11-19,28.46
Oven,2023-11-20,36.92
Oven,2023-11-21,22.79
Oven,2023-11-22,37.93
Oven,2023-11-23,25.86
Oven,2023-11-24,36.8
Oven,2023-11-25,27.61
Oven,2023-11-26,38.57
Oven,2023-11-27,26.1
Oven,2023-11-28,26.21
Oven,2023-11-29,22.84
Oven,2023-11-30,22.38
Oven,2023-12-01,38.31
Oven,2023-12-02,39.72
Oven,2023-12-03,29.39
Oven,2023-12-04,33.39
Oven,2023-12-05,20.14
Oven,2023-12-06,34.019999999999996
Oven,2023-12-07,32.96
Oven,2023-12-08,38.05
Oven,2023-12-09,32.44
Oven,2023-12-10,32.97
Oven,2023-12-11,33.73
Oven,2023-12-12,29.55
Oven,2023-12-13,18.87
Oven,2023-12-14,29.03
Oven,2023-12-15,36.5
Oven,2023-12-16,20.919999999999998
Oven,2023-12-17,29.04
Oven,2023-12-18,31.43
Oven,2023-12-19,21.13
Oven,2023-12-20,26.9
Oven,2023-12-21,33.81
Oven,2023-12-22,21.6
Oven,2023-12-23,33.27
Oven,2023-12-24,18.59
Oven,2023-12-25,20.44
Oven,2023-12-26,26.54
Oven,2023-12-27,23.31
Oven,2023-12-28,41.82
Oven,2023-12-29,35.24
Oven,2023-12-30,25.66
Oven,2023-12-31,32.09
Oven,2024-01-01,28.509999999999998
TV,2023-01-01,35.57
TV,2023-01-02,29.74
TV,2023-01-03,26.85
TV,2023-01-04,33.99
TV,2023-01-05,22.35
TV,2023-01-06,30.58
TV,2023-01-07,45.75
TV,2023-01-08,21.240000000000002
TV,2023-01-09,23.75
TV,2023-01-10,22.49
TV,2023-01-11,23.16
TV,2023-01-12,20.41
TV,2023-01-13,21.79
TV,2023-01-14,46.56
TV,2023-01-15,32.94
TV,2023-01-16,32.4
TV,2023-01-17,21.15
TV,2023-01-18,23.88
TV,2023-01-19,19.54
TV,2023-01-20,31.259999999999998
TV,2023-01-21,14.81
TV,2023-01-22,30.86
TV,2023-01-23,38.42
TV,2023-01-24,27.61
TV,2023-01-25,31.66
TV,2023-01-26,24.51
TV,2023-01-27,43.72
TV,2023-01-28,26.88
TV,2023-01-29,22.56
TV,2023-01-30,27.58
TV,2023-01-31,30.06
TV,2023-02-01,29.720000000000002
TV,2023-02-02,23.1
TV,2023-02-03,42.93
TV,2023-02-04,22.83
TV,2023-02-05,27.42
TV,2023-02-06,29.47
TV,2023-02-07,25.8
TV,2023-02-08,25.91
TV,2023-02-09,31.05
TV,2023-02-10,33.19
TV,2023-02-11,32.58
TV,2023-02-12,24.810000000000002
TV,2023-02-13,31.919999999999998
TV,2023-02-14,29.04
TV,2023-02-15,30.48
TV,2023-02-16,19.01
TV,2023-02-17,41.339999999999996
TV,2023-02-18,32.1
TV,2023-02-19,29.27
TV,2023-02-20,33.7
TV,2023-02-21,38.61
TV,2023-02-22,31.62
TV,2023-02-23,26.58
TV,2023-02-24,35.33
TV,2023-02-25,24.05
TV,2023-02-26,24.44
TV,2023-02-27,20.0
TV,2023-02-28,18.18
TV,2023-03-01,22.29
TV,2023-03-02,27.76
TV,2023-03-03,30.12
TV,2023-03-04,26.89
TV,2023-03-05,17.44
TV,2023-03-06,38.01
TV,2023-03-07,34.76
TV,2023-03-08,31.26
TV,2023-03-09,27.51
TV,2023-03-10,27.7
TV,2023-03-11,33.53
TV,2023-03-12,31.39
TV,2023-03-13,40.64
TV,2023-03-14,28.63
TV,2023-03-15,27.2
TV,2023-03-16,34.17
TV,2023-03-17,40.71
TV,2023-03-18,33.48
TV,2023-03-19,32.11
TV,2023-03-20,29.83
TV,2023-03-21,41.22
TV,2023-03-22,28.39
TV,2023-03-23,26.44
TV,2023-03-24,35.43
TV,2023-03-25,26.2
TV,2023-03-26,36.31
TV,2023-03-27,45.37
TV,2023-03-28,31.08
TV,2023-03-29,35.04
TV,2023-03-30,33.04
TV,2023-03-31,33.089999999999996
TV,2023-04-01,35.89
TV,2023-04-02,27.05
TV,2023-04-03,31.16
TV,2023-04-04,31.73
TV,2023-04-05,24.11
TV,2023-04-06,32.68
TV,2023-04-07,22.45
TV,2023-04-08,20.66
TV,2023-04-09,27.71
TV,2023-04-10,39.93
TV,2023-04-11,24.07
TV,2023-04-12,26.509999999999998
TV,2023-04-13,27.89
TV,2023-04-14,30.48
TV,2023-04-15,30.25
TV,2023-04-16,27.26
TV,2023-04-17,28.68
TV,2023-04-18,31.42
TV,2023-04-19,29.93
TV,2023-04-20,21.36
TV,2023-04-21,36.73
TV,2023-04-22,25.39
TV,2023-04-23,32.84
TV,2023-04-24,36.16
TV,2023-04-25,18.41
TV,2023-04-26,28.68
TV,2023-04-27,30.57
TV,2023-04-28,38.12
TV,2023-04-29,38.14
TV,2023-04-30,23.67
TV,2023-05-01,29.62
TV,2023-05-02,24.36
TV,2023-05-03,32.93
TV,2023-05-04,33.96
TV,2023-05-05,29.51
TV,2023-05-06,28.14
TV,2023-05-07,30.78
TV,2023-05-08,25.509999999999998
TV,2023-05-09,34.94
TV,2023-05-10,36.92
TV,2023-05-11,31.84
TV,2023-05-12,34.87
TV,2023-05-13,31.05
TV,2023-05-14,20.16
TV,2023-05-15,19.63
TV,2023-05-16,31.66
TV,2023-05-17,30.41
TV,2023-05-18,27.78
TV,2023-05-19,27.71
TV,2023-05-20,28.54
TV,2023-05-21,24.71
TV,2023-05-22,30.35
TV,2023-05-23,25.95
TV,2023-05-24,41.69
TV,2023-05-25,32.65
TV,2023-05-26,29.53
TV,2023-05-27,34.62
TV,2023-05-28,25.18
TV,2023-05-29,25.26
TV,2023-05-30,27.42
TV,2023-05-31,23.86
TV,2023-06-01,45.14
TV,2023-06-02,28.8
TV,2023-06-03,23.98
TV,2023-06-04,25.509999999999998
TV,2023-06-05,25.84
TV,2023-06-06,32.49
TV,2023-06-07,35.16
TV,2023-06-08,45.36
TV,2023-06-09,26.56
TV,2023-06-10,28.37
TV,2023-06-11,29.87
TV,2023-06-12,18.1
TV,2023-06-13,33.88
TV,2023-06-14,28.71
TV,2023-06-15,28.73
TV,2023-06-16,33.48
TV,2023-06-17,30.16
TV,2023-06-18,33.730000000000004
TV,2023-06-19,38.3
TV,2023-06-20,45.11
TV,2023-06-21,31.349999999999998
TV,2023-06-22,37.74
TV,2023-06-23,29.64
TV,2023-06-24,31.46
TV,2023-06-25,31.41
TV,2023-06-26,35.58
TV,2023-06-27,32.75
TV,2023-06-28,24.9
TV,2023-06-29,38.14
TV,2023-06-30,28.95
TV,2023-07-01,35.82
TV,2023-07-02,33.01
TV,2023-07-03,28.76
TV,2023-07-04,42.64
TV,2023-07-05,21.759999999999998
TV,2023-07-06,33.27
TV,2023-07-07,30.6
TV,2023-07-08,33.83
TV,2023-07-09,27.41
TV,2023-07-10,35.18
TV,2023-07-11,26.11
TV,2023-07-12,25.79
TV,2023-07-13,24.91
TV,2023-07-14,31.72
TV,2023-07-15,26.48
TV,2023-07-16,16.64
TV,2023-07-17,28.029999999999998
TV,2023-07-18,51.54
TV,2023-07-19,27.73
TV,2023-07-20,19.48
TV,2023-07-21,29.79
TV,2023-07-22,35.1
TV,2023-07-23,24.47
TV,2023-07-24,42.58
TV,2023-07-25,31.24
TV,2023-07-26,27.58
TV,2023-07-27,35.86
TV,2023-07-28,33.75
TV,2023-07-29,23.0
TV,2023-07-30,15.5
TV,2023-07-31,25.57
TV,2023-08-01,30.55
TV,2023-08-02,35.51
TV,2023-08-03,26.32
TV,2023-08-04,35.5
TV,2023-08-05,22.24
TV,2023-08-06,24.48
TV,2023-08-07,20.66
TV,2023-08-08,27.68
TV,2023-08-09,27.85
TV,2023-08-10,22.900000000000002
TV,2023-08-11,36.9
TV,2023-08-12,21.73
TV,2023-08-13,28.06
TV,2023-08-14,20.16
TV,2023-08-15,36.81
TV,2023-08-16,27.75
TV,2023-08-17,30.89
TV,2023-08-18,39.75
TV,2023-08-19,35.29
TV,2023-08-20,29.4
TV,2023-08-21,29.33
TV,2023-08-22,29.25
TV,2023-08-23,26.04
TV,2023-08-24,23.11
TV,2023-08-25,26.12
TV,2023-08-26,23.009999999999998
TV,2023-08-27,16.62
TV,2023-08-28,20.740000000000002
TV,2023-08-29,35.32
TV,2023-08-30,26.98
TV,2023-08-31,27.29
TV,2023-09-01,23.73
TV,2023-09-02,32.23
TV,2023-09-03,38.22
TV,2023-09-04,30.68
TV,2023-09-05,41.76
TV,2023-09-06,16.34
TV,2023-09-07,29.54
TV,2023-09-08,33.43
TV,2023-09-09,27.81
TV,2023-09-10,28.759999999999998
TV,2023-09-11,36.94
TV,2023-09-12,16.78
TV,2023-09-13,27.84
TV,2023-09-14,24.8
TV,2023-09-15,23.86
TV,2023-09-16,34.67
TV,2023-09-17,39.71
TV,2023-09-18,27.62
TV,2023-09-19,32.25
TV,2023-09-20,26.04
TV,2023-09-21,34.99
TV,2023-09-22,38.49
TV,2023-09-23,42.0
TV,2023-09-24,23.45
TV,2023-09-25,32.78
TV,2023-09-26,31.94
TV,2023-09-27,29.85
TV,2023-09-28,35.48
TV,2023-09-29,44.72
TV,2023-09-30,25.68
TV,2023-10-01,33.79
TV,2023-10-02,30.77
TV,2023-10-03,30.9
TV,2023-10-04,20.82
TV,2023-10-05,36.89
TV,2023-10-06,32.01
TV,2023-10-07,24.52
TV,2023-10-08,39.1
TV,2023-10-09,25.36
TV,2023-10-10,14.49
TV,2023-10-11,25.64
TV,2023-10-12,32.9
TV,2023-10-13,23.71
TV,2023-10-14,22.63
TV,2023-10-15,26.45
TV,2023-10-16,33.36
TV,2023-10-17,33.53
TV,2023-10-18,20.33
TV,2023-10-19,22.18
TV,2023-10-20,25.98
TV,2023-10-21,28.61
TV,2023-10-22,26.830000000000002
TV,2023-10-23,32.08
TV,2023-10-24,27.15
TV,2023-10-25,26.68
TV,2023-10-26,38.06
TV,2023-10-27,24.98
TV,2023-10-28,40.94
TV,2023-10-29,34.05
TV,2023-10-30,27.28
TV,2023-10-31,27.95
TV,2023-11-01,30.98
TV,2023-11-02,25.74
TV,2023-11-03,20.56
TV,2023-11-04,30.490000000000002
TV,2023-11-05,34.08
TV,2023-11-06,37.88
TV,2023-11-07,36.21
TV,2023-11-08,32.87
TV,2023-11-09,20.43
TV,2023-11-10,23.14
TV,2023-11-11,25.1
TV,2023-11-12,30.26
TV,2023-11-13,30.54
TV,2023-11-14,30.77
TV,2023-11-15,31.66
TV,2023-11-16,34.95
TV,2023-11-17,33.4
TV,2023-11-18,30.5
TV,2023-11-19,20.55
TV,2023-11-20,26.23
TV,2023-11-21,27.84
TV,2023-11-22,27.5
TV,2023-11-23,32.24
TV,2023-11-24,23.12
TV,2023-11-25,36.96
TV,2023-11-26,34.86
TV,2023-11-27,15.27
TV,2023-11-28,38.11
TV,2023-11-29,33.32
TV,2023-11-30,25.57
TV,2023-12-01,18.48
TV,2023-12-02,24.75
TV,2023-12-03,30.02
TV,2023-12-04,28.92
TV,2023-12-05,31.25
TV,2023-12-06,37.39
TV,2023-12-07,27.25
TV,2023-12-08,28.1
TV,2023-12-09,32.29
TV,2023-12-10,29.73
TV,2023-12-11,39.43
TV,2023-12-12,27.63
TV,2023-12-13,35.3
TV,2023-12-14,32.59
TV,2023-12-15,24.88
TV,2023-12-16,34.95
TV,2023-12-17,28.54
TV,2023-12-18,26.38
TV,2023-12-19,22.9
TV,2023-12-20,25.17
TV,2023-12-21,20.31
TV,2023-12-22,21.62
TV,2023-12-23,28.810000000000002
TV,2023-12-24,29.830000000000002
TV,2023-12-25,31.36
TV,2023-12-26,31.77
TV,2023-12-27,27.76
TV,2023-12-28,33.660000000000004
TV,2023-12-29,40.83
TV,2023-12-30,31.0
TV,2023-12-31,30.95
TV,2024-01-01,24.98
Washing Machine,2023-01-01,30.71
Washing Machine,2023-01-02,29.31
Washing Machine,2023-01-03,26.55
Washing Machine,2023-01-04,20.98
Washing Machine,2023-01-05,23.42
Washing Machine,2023-01-06,29.68
Washing Machine,2023-01-07,18.68
Washing Machine,2023-01-08,39.76
Washing Machine,2023-01-09,31.2
Washing Machine,2023-01-10,21.26
Washing Machine,2023-01-11,28.49
Washing Machine,2023-01-12,35.53
Washing Machine,2023-01-13,27.21
Washing Machine,2023-01-14,32.01
Washing Machine,2023-01-15,30.02
Washing Machine,2023-01-16,26.48
Washing Machine,2023-01-17,30.67
Washing Machine,2023-01-18,37.71
Washing Machine,2023-01-19,28.07
Washing Machine,2023-01-20,40.13
Washing Machine,2023-01-21,24.36
Washing Machine,2023-01-22,21.06
Washing Machine,2023-01-23,20.21
Washing Machine,2023-01-24,42.83
Washing Machine,2023-01-25,38.18
Washing Machine,2023-01-26,26.23
Washing Machine,2023-01-27,28.58
Washing Machine,2023-01-28,29.29
Washing Machine,2023-01-29,33.72
Washing Machine,2023-01-30,32.04
Washing Machine,2023-01-31,21.27
Washing Machine,2023-02-01,30.92
Washing Machine,2023-02-02,22.44
Washing Machine,2023-02-03,35.26
Washing Machine,2023-02-04,31.52
Washing Machine,2023-02-05,18.59
Washing Machine,2023-02-06,39.269999999999996
Washing Machine,2023-02-07,31.9
Washing Machine,2023-02-08,30.3
Washing Machine,2023-02-09,38.47
Washing Machine,2023-02-10,25.0
Washing Machine,2023-02-11,35.38
Washing Machine,2023-02-12,26.84
Washing Machine,2023-02-13,37.75
Washing Machine,2023-02-14,27.66
Washing Machine,2023-02-15,22.01
Washing Machine,2023-02-16,45.84
Washing Machine,2023-02-17,32.49
Washing Machine,2023-02-18,33.29
Washing Machine,2023-02-19,23.5
Washing Machine,2023-02-20,30.63
Washing Machine,2023-02-21,32.74
Washing Machine,2023-02-22,27.27
Washing Machine,2023-02-23,37.46
Washing Machine,2023-02-24,32.69
Washing Machine,2023-02-25,33.32
Washing Machine,2023-02-26,35.7
Washing Machine,2023-02-27,37.77
Washing Machine,2023-02-28,28.55
Washing Machine,2023-03-01,29.94
Washing Machine,2023-03-02,37.52
Washing Machine,2023-03-03,21.31
Washing Machine,2023-03-04,39.62
Washing Machine,2023-03-05,27.26
Washing Machine,2023-03-06,23.3
Washing Machine,2023-03-07,30.82
Washing Machine,2023-03-08,34.94
Washing Machine,2023-03-09,22.81
Washing Machine,2023-03-10,38.39
Washing Machine,2023-03-11,20.55
Washing Machine,2023-03-12,27.21
Washing Machine,2023-03-13,30.87
Washing Machine,2023-03-14,25.18
Washing Machine,2023-03-15,22.79
Washing Machine,2023-03-16,31.71
Washing Machine,2023-03-17,25.03
Washing Machine,2023-03-18,29.26
Washing Machine,2023-03-19,36.75
Washing Machine,2023-03-20,43.37
Washing Machine,2023-03-21,40.18
Washing Machine,2023-03-22,37.75
Washing Machine,2023-03-23,33.96
Washing Machine,2023-03-24,32.35
Washing Machine,2023-03-25,27.22
Washing Machine,2023-03-26,20.740000000000002
Washing Machine,2023-03-27,24.44
Washing Machine,2023-03-28,26.25
Washing Machine,2023-03-29,28.740000000000002
Washing Machine,2023-03-30,25.59
Washing Machine,2023-03-31,23.25
Washing Machine,2023-04-01,28.39
Washing Machine,2023-04-02,35.88
Washing Machine,2023-04-03,31.009999999999998
Washing Machine,2023-04-04,23.21
Washing Machine,2023-04-05,32.37
Washing Machine,2023-04-06,33.63
Washing Machine,2023-04-07,34.910000000000004
Washing Machine,2023-04-08,27.84
Washing Machine,2023-04-09,34.91
Washing Machine,2023-04-10,30.6
Washing Machine,2023-04-11,27.22
Washing Machine,2023-04-12,37.269999999999996
Washing Machine,2023-04-13,38.05
Washing Machine,2023-04-14,28.74
Washing Machine,2023-04-15,27.22
Washing Machine,2023-04-16,27.14
Washing Machine,2023-04-17,34.21
Washing Machine,2023-04-18,27.34
Washing Machine,2023-04-19,31.22
Washing Machine,2023-04-20,30.13
Washing Machine,2023-04-21,21.41
Washing Machine,2023-04-22,24.1
Washing Machine,2023-04-23,32.97
Washing Machine,2023-04-24,25.51
Washing Machine,2023-04-25,30.19
Washing Machine,2023-04-26,29.55
Washing Machine,2023-04-27,15.73
Washing Machine,2023-04-28,17.86
Washing Machine,2023-04-29,42.25
Washing Machine,2023-04-30,25.66
Washing Machine,2023-05-01,26.42
Washing Machine,2023-05-02,24.73
Washing Machine,2023-05-03,31.42
Washing Machine,2023-05-04,48.2
Washing Machine,2023-05-05,30.59
Washing Machine,2023-05-06,37.15
Washing Machine,2023-05-07,20.44
Washing Machine,2023-05-08,28.13
Washing Machine,2023-05-09,35.09
Washing Machine,2023-05-10,35.32
Washing Machine,2023-05-11,21.59
Washing Machine,2023-05-12,16.61
Washing Machine,2023-05-13,26.12
Washing Machine,2023-05-14,27.24
Washing Machine,2023-05-15,29.35
Washing Machine,2023-05-16,21.4
Washing Machine,2023-05-17,28.04
Washing Machine,2023-05-18,30.28
Washing Machine,2023-05-19,29.99
Washing Machine,2023-05-20,37.5
Washing Machine,2023-05-21,35.34
Washing Machine,2023-05-22,33.46
Washing Machine,2023-05-23,29.59
Washing Machine,2023-05-24,29.18
Washing Machine,2023-05-25,35.68
Washing Machine,2023-05-26,40.66
Washing Machine,2023-05-27,30.35
Washing Machine,2023-05-28,34.03
Washing Machine,2023-05-29,21.74
Washing Machine,2023-05-30,25.77
Washing Machine,2023-05-31,30.37
Washing Machine,2023-06-01,29.91
Washing Machine,2023-06-02,24.43
Washing Machine,2023-06-03,25.330000000000002
Washing Machine,2023-06-04,34.94
Washing Machine,2023-06-05,26.25
Washing Machine,2023-06-06,29.37
Washing Machine,2023-06-07,30.39
Washing Machine,2023-06-08,29.74
Washing Machine,2023-06-09,28.24
Washing Machine,2023-06-10,37.71
Washing Machine,2023-06-11,34.06
Washing Machine,2023-06-12,42.48
Washing Machine,2023-06-13,22.17
Washing Machine,2023-06-14,26.23
Washing Machine,2023-06-15,40.160000000000004
Washing Machine,2023-06-16,27.82
Washing Machine,2023-06-17,22.83
Washing Machine,2023-06-18,33.87
Washing Machine,2023-06-19,35.42
Washing Machine,2023-06-20,25.55
Washing Machine,2023-06-21,30.41
Washing Machine,2023-06-22,31.0
Washing Machine,2023-06-23,17.76
Washing Machine,2023-06-24,27.64
Washing Machine,2023-06-25,22.72
Washing Machine,2023-06-26,18.91
Washing Machine,2023-06-27,34.94
Washing Machine,2023-06-28,36.6
Washing Machine,2023-06-29,20.92
Washing Machine,2023-06-30,40.61
Washing Machine,2023-07-01,40.41
Washing Machine,2023-07-02,36.66
Washing Machine,2023-07-03,33.29
Washing Machine,2023-07-04,34.59
Washing Machine,2023-07-05,33.07
Washing Machine,2023-07-06,35.12
Washing Machine,2023-07-07,18.38
Washing Machine,2023-07-08,29.55
Washing Machine,2023-07-09,27.24
Washing Machine,2023-07-10,21.96
Washing Machine,2023-07-11,25.23
Washing Machine,2023-07-12,40.81
Washing Machine,2023-07-13,25.19
Washing Machine,2023-07-14,25.03
Washing Machine,2023-07-15,28.34
Washing Machine,2023-07-16,28.31
Washing Machine,2023-07-17,30.23
Washing Machine,2023-07-18,44.81
Washing Machine,2023-07-19,32.2
Washing Machine,2023-07-20,33.41
Washing Machine,2023-07-21,38.15
Washing Machine,2023-07-22,27.53
Washing Machine,2023-07-23,31.65
Washing Machine,2023-07-24,29.01
Washing Machine,2023-07-25,35.53
Washing Machine,2023-07-26,25.44
Washing Machine,2023-07-27,35.67
Washing Machine,2023-07-28,43.589999999999996
Washing Machine,2023-07-29,39.68
Washing Machine,2023-07-30,26.66
Washing Machine,2023-07-31,22.2
Washing Machine,2023-08-01,24.0
Washing Machine,2023-08-02,22.12
Washing Machine,2023-08-03,32.13
Washing Machine,2023-08-04,28.96
Washing Machine,2023-08-05,33.18
Washing Machine,2023-08-06,31.6
Washing Machine,2023-08-07,30.89
Washing Machine,2023-08-08,31.5
Washing Machine,2023-08-09,39.08
Washing Machine,2023-08-10,53.05
Washing Machine,2023-08-11,40.25
Washing Machine,2023-08-12,33.29
Washing Machine,2023-08-13,32.08
Washing Machine,2023-08-14,38.83
Washing Machine,2023-08-15,28.14
Washing Machine,2023-08-16,27.61
Washing Machine,2023-08-17,21.47
Washing Machine,2023-08-18,23.16
Washing Machine,2023-08-19,29.9
Washing Machine,2023-08-20,35.72
Washing Machine,2023-08-21,31.97
Washing Machine,2023-08-22,34.56
Washing Machine,2023-08-23,35.03
Washing Machine,2023-08-24,34.53
Washing Machine,2023-08-25,30.25
Washing Machine,2023-08-26,34.3
Washing Machine,2023-08-27,31.69
Washing Machine,2023-08-28,22.78
Washing Machine,2023-08-29,32.22
Washing Machine,2023-08-30,26.81
Washing Machine,2023-08-31,25.3
Washing Machine,2023-09-01,34.1
Washing Machine,2023-09-02,34.21
Washing Machine,2023-09-03,32.63
Washing Machine,2023-09-04,27.9
Washing Machine,2023-09-05,35.160000000000004
Washing Machine,2023-09-06,35.39
Washing Machine,2023-09-07,32.11
Washing Machine,2023-09-08,23.16
Washing Machine,2023-09-09,38.63
Washing Machine,2023-09-10,14.83
Washing Machine,2023-09-11,28.03
Washing Machine,2023-09-12,32.32
Washing Machine,2023-09-13,28.5
Washing Machine,2023-09-14,30.16
Washing Machine,2023-09-15,25.57
Washing Machine,2023-09-16,37.67
Washing Machine,2023-09-17,34.6
Washing Machine,2023-09-18,23.91
Washing Machine,2023-09-19,26.02
Washing Machine,2023-09-20,21.66
Washing Machine,2023-09-21,45.37
Washing Machine,2023-09-22,27.61
Washing Machine,2023-09-23,21.919999999999998
Washing Machine,2023-09-24,28.12
Washing Machine,2023-09-25,27.42
Washing Machine,2023-09-26,28.69
Washing Machine,2023-09-27,25.21
Washing Machine,2023-09-28,26.04
Washing Machine,2023-09-29,26.3
Washing Machine,2023-09-30,33.24
Washing Machine,2023-10-01,28.7
Washing Machine,2023-10-02,35.910000000000004
Washing Machine,2023-10-03,24.68
Washing Machine,2023-10-04,23.03
Washing Machine,2023-10-05,22.72
Washing Machine,2023-10-06,37.45
Washing Machine,2023-10-07,28.98
Washing Machine,2023-10-08,27.69
Washing Machine,2023-10-09,31.7
Washing Machine,2023-10-10,32.53
Washing Machine,2023-10-11,42.33
Washing Machine,2023-10-12,24.419999999999998
Washing Machine,2023-10-13,37.16
Washing Machine,2023-10-14,25.07
Washing Machine,2023-10-15,34.06
Washing Machine,2023-10-16,24.15
Washing Machine,2023-10-17,31.11
Washing Machine,2023-10-18,34.62
Washing Machine,2023-10-19,27.77
Washing Machine,2023-10-20,27.29
Washing Machine,2023-10-21,39.74
Washing Machine,2023-10-22,32.84
Washing Machine,2023-10-23,23.75
Washing Machine,2023-10-24,30.2
Washing Machine,2023-10-25,27.13
Washing Machine,2023-10-26,37.28
Washing Machine,2023-10-27,13.17
Washing Machine,2023-10-28,27.86
Washing Machine,2023-10-29,40.13
Washing Machine,2023-10-30,31.61
Washing Machine,2023-10-31,26.67
Washing Machine,2023-11-01,32.57
Washing Machine,2023-11-02,33.57
Washing Machine,2023-11-03,15.49
Washing Machine,2023-11-04,49.589999999999996
Washing Machine,2023-11-05,22.509999999999998
Washing Machine,2023-11-06,29.740000000000002
Washing Machine,2023-11-07,27.92
Washing Machine,2023-11-08,33.94
Washing Machine,2023-11-09,23.94
Washing Machine,2023-11-10,31.75
Washing Machine,2023-11-11,37.07
Washing Machine,2023-11-12,24.11
Washing Machine,2023-11-13,26.84
Washing Machine,2023-11-14,19.8
Washing Machine,2023-11-15,24.09
Washing Machine,2023-11-16,26.37
Washing Machine,2023-11-17,24.98
Washing Machine,2023-11-18,21.48
Washing Machine,2023-11-19,20.95
Washing Machine,2023-11-20,33.71
Washing Machine,2023-11-21,30.99
Washing Machine,2023-11-22,31.57
Washing Machine,2023-11-23,36.07
Washing Machine,2023-11-24,30.669999999999998
Washing Machine,2023-11-25,37.55
Washing Machine,2023-11-26,29.16
Washing Machine,2023-11-27,37.57
Washing Machine,2023-11-28,26.02
Washing Machine,2023-11-29,24.61
Washing Machine,2023-11-30,23.54
Washing Machine,2023-12-01,32.96
Washing Machine,2023-12-02,23.05
Washing Machine,2023-12-03,26.8
Washing Machine,2023-12-04,19.29
Washing Machine,2023-12-05,29.5
Washing Machine,2023-12-06,14.94
Washing Machine,2023-12-07,26.240000000000002
Washing Machine,2023-12-08,24.87
Washing Machine,2023-12-09,29.89
Washing Machine,2023-12-10,28.74
Washing Machine,2023-12-11,30.74
Washing Machine,2023-12-12,29.99
Washing Machine,2023-12-13,24.77
Washing Machine,2023-12-14,24.46
Washing Machine,2023-12-15,31.3
Washing Machine,2023-12-16,36.0
Washing Machine,2023-12-17,32.6
Washing Machine,2023-12-18,28.85
Washing Machine,2023-12-19,19.91
Washing Machine,2023-12-20,32.18
Washing Machine,2023-12-21,30.71
Washing Machine,2023-12-22,40.34
Washing Machine,2023-12-23,22.4
Washing Machine,2023-12-24,36.67
Washing Machine,2023-12-25,24.64
Washing Machine,2023-12-26,31.59
Washing Machine,2023-12-27,22.84
Washing Machine,2023-12-28,27.76
Washing Machine,2023-12-29,32.18
Washing Machine,2023-12-30,24.8
Washing Machine,2023-12-31,35.45
Washing Machine,2024-01-01,28.14
